delta,u,source,main_fiber,A,B,C,D,defect_B,defect_C,defect_D,score,x,y,N,p,q,r,s,v3_x,v3_yc,mcc_live,point_in_unit,four_distance_ok,true_solution,height,distance_to_u730,notes
13/6,3/4,C_sample,all,24/7,4,15/8,45/28,17,1,1,17,7/52,6/13,52,7,24,45,28,0,0,False,True,False,False,45,3/20,near_miss:x^2+(1-y)^2
13/6,-4/3,C_sample,all,24/7,4,15/8,45/28,17,1,1,17,7/52,6/13,52,7,24,45,28,0,0,False,True,False,False,45,29/15,near_miss:x^2+(1-y)^2
289/260,15/26,C_sample,all,780/451,87/451,8/15,416/87,730,1,1,730,451/867,260/289,867,451,780,416,87,-1,1,True,True,False,False,780,3/130,near_miss:x^2+(1-y)^2
867/416,13/16,C_sample,all,416/87,451/87,15/8,780/451,730,1,1,730,29/289,416/867,867,87,416,780,451,0,-1,True,True,False,False,780,17/80,near_miss:x^2+(1-y)^2
289/29,3/29,B_sample,all,87/416,15/8,451/87,451/780,1,730,1,730,416/867,29/289,867,416,87,451,780,-1,1,True,True,False,False,780,72/145,near_miss:(1-x)^2+y^2
867/416,-16/13,C_sample,all,416/87,451/87,15/8,780/451,730,1,1,730,29/289,416/867,867,87,416,780,451,0,-1,True,True,False,False,780,119/65,near_miss:x^2+(1-y)^2
289/260,-26/15,C_sample,all,780/451,87/451,8/15,416/87,730,1,1,730,451/867,260/289,867,451,780,416,87,-1,1,True,True,False,False,780,7/3,near_miss:x^2+(1-y)^2
289/29,-29/3,B_sample,all,87/416,15/8,451/87,451/780,1,730,1,730,416/867,29/289,867,416,87,451,780,-1,1,True,True,False,False,780,154/15,near_miss:(1-x)^2+y^2
332/255,5/9,C_sample,all,45/28,33/68,104/153,520/231,5713,1,1,5713,119/249,255/332,996,476,765,520,231,-1,0,True,True,False,False,520,2/45,near_miss:x^2+(1-y)^2
249/130,13/20,C_sample,all,520/231,68/33,153/104,45/28,5713,1,1,5713,77/332,130/249,996,231,520,765,476,0,-1,True,True,False,False,520,1/20,near_miss:x^2+(1-y)^2
249/119,2/7,B_sample,all,28/45,104/153,33/68,231/520,1,5713,1,5713,255/332,119/249,996,765,476,231,520,1,-1,True,True,False,False,520,11/35,near_miss:(1-x)^2+y^2
249/130,-20/13,C_sample,all,520/231,68/33,153/104,45/28,5713,1,1,5713,77/332,130/249,996,231,520,765,476,0,-1,True,True,False,False,520,139/65,near_miss:x^2+(1-y)^2
332/255,-9/5,C_sample,all,45/28,33/68,104/153,520/231,5713,1,1,5713,119/249,255/332,996,476,765,520,231,-1,0,True,True,False,False,520,12/5,near_miss:x^2+(1-y)^2
249/119,-7/2,B_sample,all,28/45,104/153,33/68,231/520,1,5713,1,5713,255/332,119/249,996,765,476,231,520,1,-1,True,True,False,False,520,41/10,near_miss:(1-x)^2+y^2
3125/2632,3/4,C_sample,all,24/7,1479/2303,884/987,416/87,11986,1,1,11986,2303/9375,2632/3125,9375,2303,7896,7072,1479,-1,1,True,True,False,False,2303,3/20,near_miss:x^2+(1-y)^2
9375/7072,13/16,C_sample,all,416/87,2303/1479,987/884,24/7,11986,1,1,11986,493/3125,7072/9375,9375,1479,7072,7896,2303,0,-1,True,True,False,False,2303,17/80,near_miss:x^2+(1-y)^2
9375/2303,1/7,B_sample,all,7/24,884/987,1479/2303,87/416,1,11986,1,11986,2632/3125,2303/9375,9375,7896,2303,1479,7072,0,-1,True,True,False,False,2303,16/35,near_miss:(1-x)^2+y^2
3125/493,3/29,B_sample,all,87/416,987/884,2303/1479,7/24,1,11986,1,11986,7072/9375,493/3125,9375,7072,1479,2303,7896,-1,1,True,True,False,False,2303,72/145,near_miss:(1-x)^2+y^2
9375/7072,-16/13,C_sample,all,416/87,2303/1479,987/884,24/7,11986,1,1,11986,493/3125,7072/9375,9375,1479,7072,7896,2303,0,-1,True,True,False,False,2303,119/65,near_miss:x^2+(1-y)^2
3125/2632,-4/3,C_sample,all,24/7,1479/2303,884/987,416/87,11986,1,1,11986,2303/9375,2632/3125,9375,2303,7896,7072,1479,-1,1,True,True,False,False,2303,29/15,near_miss:x^2+(1-y)^2
9375/2303,-7,B_sample,all,7/24,884/987,1479/2303,87/416,1,11986,1,11986,2632/3125,2303/9375,9375,7896,2303,1479,7072,0,-1,True,True,False,False,2303,38/5,near_miss:(1-x)^2+y^2
3125/493,-29/3,B_sample,all,87/416,987/884,2303/1479,7/24,1,11986,1,11986,7072/9375,493/3125,9375,7072,1479,2303,7896,-1,1,True,True,False,False,2303,154/15,near_miss:(1-x)^2+y^2
39/11,5/11,B_sample,all,55/48,35/12,147/55,21/20,1,24634,1,24634,16/65,11/39,195,48,55,147,140,0,-1,True,True,False,False,147,8/55,near_miss:(1-x)^2+y^2
65/49,3/7,B_sample,all,21/20,12/35,55/147,55/48,1,24634,1,24634,28/39,49/65,195,140,147,55,48,-1,1,True,True,False,False,147,6/35,near_miss:(1-x)^2+y^2
39/28,2/5,C_sample,all,20/21,55/147,12/35,48/55,24634,1,1,24634,49/65,28/39,195,147,140,48,55,0,-1,True,True,False,False,147,1/5,near_miss:x^2+(1-y)^2
65/16,3/8,C_sample,all,48/55,147/55,35/12,20/21,24634,1,1,24634,11/39,16/65,195,55,48,140,147,-1,1,True,True,False,False,147,9/40,near_miss:x^2+(1-y)^2
39/11,-11/5,B_sample,all,55/48,35/12,147/55,21/20,1,24634,1,24634,16/65,11/39,195,48,55,147,140,0,-1,True,True,False,False,147,14/5,near_miss:(1-x)^2+y^2
65/49,-7/3,B_sample,all,21/20,12/35,55/147,55/48,1,24634,1,24634,28/39,49/65,195,140,147,55,48,-1,1,True,True,False,False,147,44/15,near_miss:(1-x)^2+y^2
39/28,-5/2,C_sample,all,20/21,55/147,12/35,48/55,24634,1,1,24634,49/65,28/39,195,147,140,48,55,0,-1,True,True,False,False,147,31/10,near_miss:x^2+(1-y)^2
65/16,-8/3,C_sample,all,48/55,147/55,35/12,20/21,24634,1,1,24634,11/39,16/65,195,55,48,140,147,-1,1,True,True,False,False,147,49/15,near_miss:x^2+(1-y)^2
12675/11891,11/23,B_sample,all,253/204,196/2397,3087/11891,63/16,1,35722,1,35722,3196/4225,11891/12675,12675,9588,11891,3087,784,0,-1,True,True,False,False,11891,14/115,near_miss:(1-x)^2+y^2
4225/1029,7/9,B_sample,all,63/16,2397/196,11891/3087,253/204,1,35722,1,35722,784/12675,1029/4225,12675,784,3087,11891,9588,-1,0,True,True,False,False,11891,8/45,near_miss:(1-x)^2+y^2
4225/3196,6/17,C_sample,all,204/253,3087/11891,196/2397,16/63,35722,1,1,35722,11891/12675,3196/4225,12675,11891,9588,784,3087,-1,0,True,True,False,False,11891,21/85,near_miss:x^2+(1-y)^2
12675/784,1/8,C_sample,all,16/63,11891/3087,2397/196,204/253,35722,1,1,35722,1029/4225,784/12675,12675,3087,784,9588,11891,1,-1,True,True,False,False,11891,19/40,near_miss:x^2+(1-y)^2
4225/1029,-9/7,B_sample,all,63/16,2397/196,11891/3087,253/204,1,35722,1,35722,784/12675,1029/4225,12675,784,3087,11891,9588,-1,0,True,True,False,False,11891,66/35,near_miss:(1-x)^2+y^2
12675/11891,-23/11,B_sample,all,253/204,196/2397,3087/11891,63/16,1,35722,1,35722,3196/4225,11891/12675,12675,9588,11891,3087,784,0,-1,True,True,False,False,11891,148/55,near_miss:(1-x)^2+y^2
4225/3196,-17/6,C_sample,all,204/253,3087/11891,196/2397,16/63,35722,1,1,35722,11891/12675,3196/4225,12675,11891,9588,784,3087,-1,0,True,True,False,False,11891,103/30,near_miss:x^2+(1-y)^2
12675/784,-8,C_sample,all,16/63,11891/3087,2397/196,204/253,35722,1,1,35722,1029/4225,784/12675,12675,3087,784,9588,11891,1,-1,True,True,False,False,11891,43/5,near_miss:x^2+(1-y)^2
39/11,1/11,D_sample,all,11/60,7/15,-21/11,-3/4,274,562,1,153988,20/13,11/39,39,60,11,-21,28,0,-1,True,False,False,False,60,28/55,near_miss:(1-x)^2+y^2;x^2+(1-y)^2
39/28,-1/2,D_sample,all,-4/3,-11/21,15/7,60/11,562,274,1,153988,-7/13,28/39,39,-21,28,60,11,0,-1,True,False,False,False,60,11/10,near_miss:(1-x)^2+y^2;x^2+(1-y)^2
39/28,2,D_sample,all,-4/3,-11/21,15/7,60/11,562,274,1,153988,-7/13,28/39,39,-21,28,60,11,0,-1,True,False,False,False,60,7/5,near_miss:(1-x)^2+y^2;x^2+(1-y)^2
39/11,-11,D_sample,all,11/60,7/15,-21/11,-3/4,274,562,1,153988,20/13,11/39,39,60,11,-21,28,0,-1,True,False,False,False,60,58/5,near_miss:(1-x)^2+y^2;x^2+(1-y)^2
39/28,7/16,D_sample,all,224/207,88/207,15/32,105/88,50593,1249,1,63190657,69/104,28/39,312,207,224,105,88,1,-1,True,True,False,False,224,13/80,near_miss:(1-x)^2+y^2;x^2+(1-y)^2
39/11,4/11,D_sample,all,88/105,32/15,207/88,207/224,1249,50593,1,63190657,35/104,11/39,312,105,88,207,224,0,-1,True,True,False,False,224,13/55,near_miss:(1-x)^2+y^2;x^2+(1-y)^2
39/28,-16/7,D_sample,all,224/207,88/207,15/32,105/88,50593,1249,1,63190657,69/104,28/39,312,207,224,105,88,1,-1,True,True,False,False,224,101/35,near_miss:(1-x)^2+y^2;x^2+(1-y)^2
39/11,-11/4,D_sample,all,88/105,32/15,207/88,207/224,1249,50593,1,63190657,35/104,11/39,312,105,88,207,224,0,-1,True,True,False,False,224,67/20,near_miss:(1-x)^2+y^2;x^2+(1-y)^2
13/6,-1/12,D_sample,all,-24/143,-28/143,65/8,195/28,21233,4289,1,91068337,-11/4,6/13,52,-143,24,195,28,0,0,False,False,False,False,195,41/60,near_miss:(1-x)^2+y^2;x^2+(1-y)^2
13/6,12,D_sample,all,-24/143,-28/143,65/8,195/28,21233,4289,1,91068337,-11/4,6/13,52,-143,24,195,28,0,0,False,False,False,False,195,57/5,near_miss:(1-x)^2+y^2;x^2+(1-y)^2
13/6,4/15,D_sample,all,120/209,140/209,17/40,51/140,63281,1889,1,119537809,209/260,6/13,260,209,120,51,140,0,0,False,True,False,False,209,1/3,near_miss:(1-x)^2+y^2;x^2+(1-y)^2
13/6,-15/4,D_sample,all,120/209,140/209,17/40,51/140,63281,1889,1,119537809,209/260,6/13,260,209,120,51,140,0,0,False,True,False,False,209,87/20,near_miss:(1-x)^2+y^2;x^2+(1-y)^2
39/28,3/10,D_sample,all,60/91,165/637,-13/105,-52/165,432994,11194,1,4846934836,49/45,28/39,585,637,420,-52,165,-2,-1,True,False,False,False,637,3/10,near_miss:(1-x)^2+y^2;x^2+(1-y)^2
39/11,15/11,D_sample,all,-165/52,-105/13,637/165,91/60,11194,432994,1,4846934836,-4/45,11/39,585,-52,165,637,420,-2,-1,True,False,False,False,637,42/55,near_miss:(1-x)^2+y^2;x^2+(1-y)^2
39/11,-11/15,D_sample,all,-165/52,-105/13,637/165,91/60,11194,432994,1,4846934836,-4/45,11/39,585,-52,165,637,420,-2,-1,True,False,False,False,637,4/3,near_miss:(1-x)^2+y^2;x^2+(1-y)^2
39/28,-10/3,D_sample,all,60/91,165/637,-13/105,-52/165,432994,11194,1,4846934836,49/45,28/39,585,637,420,-52,165,-2,-1,True,False,False,False,637,59/15,near_miss:(1-x)^2+y^2;x^2+(1-y)^2
65/49,-7/15,D_sample,all,-105/88,-30/77,1591/735,1591/240,6829,3071506,1,20975314474,-616/975,49/65,975,-616,735,1591,240,-1,1,True,False,False,False,1591,16/15,near_miss:(1-x)^2+y^2;x^2+(1-y)^2
65/49,15/7,D_sample,all,-105/88,-30/77,1591/735,1591/240,6829,3071506,1,20975314474,-616/975,49/65,975,-616,735,1591,240,-1,1,True,False,False,False,1591,54/35,near_miss:(1-x)^2+y^2;x^2+(1-y)^2
65/49,11/21,D_sample,all,231/160,33/70,1025/1617,1025/528,5989,3665314,1,21951565546,224/429,49/65,2145,1120,1617,1025,528,-1,1,True,True,False,False,1617,8/105,near_miss:(1-x)^2+y^2;x^2+(1-y)^2
65/49,-21/11,D_sample,all,231/160,33/70,1025/1617,1025/528,5989,3665314,1,21951565546,224/429,49/65,2145,1120,1617,1025,528,-1,1,True,True,False,False,1617,138/55,near_miss:(1-x)^2+y^2;x^2+(1-y)^2
39/28,10/13,D_sample,all,260/69,715/483,513/455,2052/715,744514,470194,1,350066015716,161/845,28/39,2535,483,1820,2052,715,0,-1,True,True,False,False,2052,11/65,near_miss:(1-x)^2+y^2;x^2+(1-y)^2
39/28,-13/10,D_sample,all,260/69,715/483,513/455,2052/715,744514,470194,1,350066015716,161/845,28/39,2535,483,1820,2052,715,0,-1,True,True,False,False,2052,19/10,near_miss:(1-x)^2+y^2;x^2+(1-y)^2
249/119,4/7,D_sample,all,56/33,1040/561,1431/952,1431/1040,1396321,2954065,1,4124822994865,187/664,119/249,1992,561,952,1431,1040,0,-1,True,True,False,False,1431,1/35,near_miss:(1-x)^2+y^2;x^2+(1-y)^2
249/119,-7/4,D_sample,all,56/33,1040/561,1431/952,1431/1040,1396321,2954065,1,4124822994865,187/664,119/249,1992,561,952,1431,1040,0,-1,True,True,False,False,1431,47/20,near_miss:(1-x)^2+y^2;x^2+(1-y)^2
332/255,10/9,D_sample,all,-180/19,-924/323,4307/3060,4307/924,958105,27913849,1,26744398296145,-323/3984,255/332,3984,-323,3060,4307,924,-1,0,True,False,False,False,4307,23/45,near_miss:(1-x)^2+y^2;x^2+(1-y)^2
332/255,-9/10,D_sample,all,-180/19,-924/323,4307/3060,4307/924,958105,27913849,1,26744398296145,-323/3984,255/332,3984,-323,3060,4307,924,-1,0,True,False,False,False,4307,3/2,near_miss:(1-x)^2+y^2;x^2+(1-y)^2
39/11,22/17,D_sample,all,-748/195,-1904/195,2847/748,2847/1904,3663241,8664913,1,31741664563033,-5/68,11/39,2652,-195,748,2847,1904,0,-1,True,False,False,False,2847,59/85,near_miss:(1-x)^2+y^2;x^2+(1-y)^2
39/11,-17/22,D_sample,all,-748/195,-1904/195,2847/748,2847/1904,3663241,8664913,1,31741664563033,-5/68,11/39,2652,-195,748,2847,1904,0,-1,True,False,False,False,2847,151/110,near_miss:(1-x)^2+y^2;x^2+(1-y)^2
4225/1029,-3/28,D_sample,all,-168/775,-25568/37975,23925/2744,71775/25568,12401321,3431569,1,42555988702649,-1519/1352,1029/4225,33800,-37975,8232,71775,25568,0,0,False,False,False,False,71775,99/140,near_miss:(1-x)^2+y^2;x^2+(1-y)^2
4225/1029,28/3,D_sample,all,-168/775,-25568/37975,23925/2744,71775/25568,12401321,3431569,1,42555988702649,-1519/1352,1029/4225,33800,-37975,8232,71775,25568,0,0,False,False,False,False,71775,131/15,near_miss:(1-x)^2+y^2;x^2+(1-y)^2
39/28,-561/112,D_experimental_secant,all,125664/302177,49368/302177,-127145/125664,-127145/49368,93748138753,31957291921,1,2995936637180033914513,302177/175032,28/39,175032,302177,125664,-127145,49368,-2,-1,True,False,False,False,302177,3141/560,near_miss:(1-x)^2+y^2;x^2+(1-y)^2
13/6,1/4,known,all,8/15,28/45,7/24,1/4,1,1,17,17,45/52,6/13,52,45,24,7,28,2,0,False,True,False,False,45,7/20,near_miss:(1-x)^2+(1-y)^2
13/6,-4,B_sample,all,8/15,28/45,7/24,1/4,1,1,17,17,45/52,6/13,52,45,24,7,28,2,0,False,True,False,False,45,23/5,near_miss:(1-x)^2+(1-y)^2
13/6,-1/2,C_sample,all,-4/3,-14/9,35/12,5/2,277,1,29,8033,-9/26,6/13,26,-9,12,35,14,2,0,False,False,False,False,35,11/10,near_miss:x^2+(1-y)^2;(1-x)^2+(1-y)^2
13/6,2,C_sample,all,-4/3,-14/9,35/12,5/2,277,1,29,8033,-9/26,6/13,26,-9,12,35,14,2,0,False,False,False,False,35,7/5,near_miss:x^2+(1-y)^2;(1-x)^2+(1-y)^2
13/6,3/5,known,all,15/8,35/16,49/30,7/5,1481,3301,74,361769794,16/65,6/13,65,16,30,49,35,0,0,False,True,False,False,49,0,near_miss:(1-x)^2+y^2;x^2+(1-y)^2;(1-x)^2+(1-y)^2
65/16,1/4,known,all,8/15,49/30,35/16,5/7,3301,1481,74,361769794,6/13,16/65,65,30,16,35,49,1,1,False,True,False,False,49,7/20,near_miss:(1-x)^2+y^2;x^2+(1-y)^2;(1-x)^2+(1-y)^2
13/6,2/15,C_sample,all,60/221,70/221,-91/60,-13/10,53741,1,269,14456329,17/10,6/13,130,221,60,-91,70,0,0,False,False,False,False,221,7/15,near_miss:x^2+(1-y)^2;(1-x)^2+(1-y)^2
13/6,-15/2,C_sample,all,60/221,70/221,-91/60,-13/10,53741,1,269,14456329,17/10,6/13,130,221,60,-91,70,0,0,False,False,False,False,221,81/10,near_miss:x^2+(1-y)^2;(1-x)^2+(1-y)^2
13/6,1/6,C_sample,all,12/35,2/5,-3/4,-9/14,29,1,277,8033,35/26,6/13,26,35,12,-9,14,0,0,False,False,False,False,35,13/30,near_miss:x^2+(1-y)^2;(1-x)^2+(1-y)^2
13/6,-6,C_sample,all,12/35,2/5,-3/4,-9/14,29,1,277,8033,35/26,6/13,26,35,12,-9,14,0,0,False,False,False,False,35,33/5,near_miss:x^2+(1-y)^2;(1-x)^2+(1-y)^2
289/260,1/4,known,all,8/15,58/975,-397/520,-397/58,3301,1481,557,2723051017,975/578,260/289,578,975,520,-397,58,1,1,False,False,False,False,975,7/20,near_miss:(1-x)^2+y^2;x^2+(1-y)^2;(1-x)^2+(1-y)^2
289/260,3/5,known,all,15/8,87/416,451/780,451/87,1,1,730,730,416/867,260/289,867,416,780,451,87,-1,1,True,True,False,False,780,0,near_miss:(1-x)^2+(1-y)^2
867/416,1/4,known,all,8/15,451/780,87/416,87/451,1,1,730,730,260/289,416/867,867,780,416,87,451,0,-1,True,True,False,False,780,7/20,near_miss:(1-x)^2+(1-y)^2
289/260,-5/3,B_sample,all,15/8,87/416,451/780,451/87,1,1,730,730,416/867,260/289,867,416,780,451,87,-1,1,True,True,False,False,780,34/15,near_miss:(1-x)^2+(1-y)^2
867/416,-4,B_sample,all,8/15,451/780,87/416,87/451,1,1,730,730,260/289,416/867,867,780,416,87,451,0,-1,True,True,False,False,780,23/5,near_miss:(1-x)^2+(1-y)^2
332/255,3/5,known,all,15/8,77/136,196/255,28/11,977,103441,905,91460980585,34/83,255/332,332,136,255,196,77,0,0,False,True,False,False,255,0,near_miss:(1-x)^2+y^2;x^2+(1-y)^2;(1-x)^2+(1-y)^2
39/28,1/4,known,all,8/15,22/105,-27/56,-27/22,11509,3865,1213,53957011705,35/26,28/39,78,105,56,-27,22,0,-1,True,False,False,False,105,7/20,near_miss:(1-x)^2+y^2;x^2+(1-y)^2;(1-x)^2+(1-y)^2
39/11,1/4,known,all,8/15,224/165,147/88,21/32,77401,29353,1465,3328409025145,55/104,11/39,312,165,88,147,224,0,-1,True,True,False,False,224,7/20,near_miss:(1-x)^2+y^2;x^2+(1-y)^2;(1-x)^2+(1-y)^2
867/451,1/4,known,all,8/15,3328/6765,171/3608,171/3328,196681,45145,1537,13647274676065,2255/2312,451/867,6936,6765,3608,171,3328,0,-1,True,True,False,False,6765,7/20,near_miss:(1-x)^2+y^2;x^2+(1-y)^2;(1-x)^2+(1-y)^2
249/130,1/4,known,all,8/15,476/975,21/520,3/68,1177201,270841,4633,1477159293557953,325/332,130/249,996,975,520,21,476,0,-1,True,True,False,False,975,7/20,near_miss:(1-x)^2+y^2;x^2+(1-y)^2;(1-x)^2+(1-y)^2
332/255,9/17,B_sample,all,153/104,231/520,28/45,68/33,1,1,5713,5713,130/249,255/332,996,520,765,476,231,-1,0,True,True,False,False,520,6/85,near_miss:(1-x)^2+(1-y)^2
249/130,4/13,B_sample,all,104/153,28/45,231/520,33/68,1,1,5713,5713,255/332,130/249,996,765,520,231,476,1,-1,True,True,False,False,520,19/65,near_miss:(1-x)^2+(1-y)^2
332/255,-17/9,B_sample,all,153/104,231/520,28/45,68/33,1,1,5713,5713,130/249,255/332,996,520,765,476,231,-1,0,True,True,False,False,520,112/45,near_miss:(1-x)^2+(1-y)^2
249/130,-13/4,B_sample,all,104/153,28/45,231/520,33/68,1,1,5713,5713,255/332,130/249,996,765,520,231,476,1,-1,True,True,False,False,520,77/20,near_miss:(1-x)^2+(1-y)^2
289/260,5/3,B_sample,all,-15/8,-87/416,1283/780,1283/87,1,7801,5722,44637322,-416/867,260/289,867,-416,780,1283,87,-1,1,True,False,False,False,1283,16/15,near_miss:(1-x)^2+y^2;(1-x)^2+(1-y)^2
289/260,-3/5,B_sample,all,-15/8,-87/416,1283/780,1283/87,1,7801,5722,44637322,-416/867,260/289,867,-416,780,1283,87,-1,1,True,False,False,False,1283,6/5,near_miss:(1-x)^2+y^2;(1-x)^2+(1-y)^2
289/29,-3/29,B_sample,all,-87/416,-15/8,1283/87,1283/780,1,5722,7801,44637322,-416/867,29/289,867,-416,87,1283,780,-1,1,True,False,False,False,1283,102/145,near_miss:(1-x)^2+y^2;(1-x)^2+(1-y)^2
289/29,29/3,B_sample,all,-87/416,-15/8,1283/87,1283/780,1,5722,7801,44637322,-416/867,29/289,867,-416,87,1283,780,-1,1,True,False,False,False,1283,136/15,near_miss:(1-x)^2+y^2;(1-x)^2+(1-y)^2
249/130,3/5,known,all,15/8,357/208,539/390,77/51,170713,442621,8530,644536684333690,208/747,130/249,747,208,390,539,357,-2,-1,True,True,False,False,539,0,near_miss:(1-x)^2+y^2;x^2+(1-y)^2;(1-x)^2+(1-y)^2
39/11,3/5,known,all,15/8,105/22,497/165,71/60,11509,274234,8641,27272370834946,88/585,11/39,585,88,165,497,420,-2,-1,True,True,False,False,497,0,near_miss:(1-x)^2+y^2;x^2+(1-y)^2;(1-x)^2+(1-y)^2
867/416,-1/4,B_sample,all,-8/15,-451/780,1647/416,1647/451,1,9985,10090,100748650,-260/289,416/867,867,-780,416,1647,451,0,-1,True,False,False,False,1647,17/20,near_miss:(1-x)^2+y^2;(1-x)^2+(1-y)^2
867/416,4,B_sample,all,-8/15,-451/780,1647/416,1647/451,1,9985,10090,100748650,-260/289,416/867,867,-780,416,1647,451,0,-1,True,False,False,False,1647,17/5,near_miss:(1-x)^2+y^2;(1-x)^2+(1-y)^2
13/6,-1/4,B_sample,all,-8/15,-28/45,97/24,97/28,1,9985,10193,101777105,-45/52,6/13,52,-45,24,97,28,2,0,False,False,False,False,97,17/20,near_miss:(1-x)^2+y^2;(1-x)^2+(1-y)^2
13/6,4,B_sample,all,-8/15,-28/45,97/24,97/28,1,9985,10193,101777105,-45/52,6/13,52,-45,24,97,28,2,0,False,False,False,False,97,17/5,near_miss:(1-x)^2+y^2;(1-x)^2+(1-y)^2
249/130,5/9,B_sample,all,45/28,153/104,1513/1170,89/63,1,3658069,11890,43494440410,728/2241,130/249,2241,728,1170,1513,1071,-3,-1,True,True,False,False,1513,2/45,near_miss:(1-x)^2+y^2;(1-x)^2+(1-y)^2
249/130,-9/5,B_sample,all,45/28,153/104,1513/1170,89/63,1,3658069,11890,43494440410,728/2241,130/249,2241,728,1170,1513,1071,-3,-1,True,True,False,False,1513,12/5,near_miss:(1-x)^2+y^2;(1-x)^2+(1-y)^2
289/260,13/16,B_sample,all,416/87,8/15,1877/2080,1877/232,1,27161,12377,336171697,435/2312,260/289,2312,435,2080,1877,232,1,1,False,True,False,False,2080,17/80,near_miss:(1-x)^2+y^2;(1-x)^2+(1-y)^2
289/260,-16/13,B_sample,all,416/87,8/15,1877/2080,1877/232,1,27161,12377,336171697,435/2312,260/289,2312,435,2080,1877,232,1,1,False,True,False,False,2080,119/65,near_miss:(1-x)^2+y^2;(1-x)^2+(1-y)^2
39/28,3/8,B_sample,all,48/55,12/35,83/336,83/132,1,119785,24313,2912332705,385/468,28/39,468,385,336,83,132,-2,-1,True,True,False,False,336,9/40,near_miss:(1-x)^2+y^2;(1-x)^2+(1-y)^2
39/28,-8/3,B_sample,all,48/55,12/35,83/336,83/132,1,119785,24313,2912332705,385/468,28/39,468,385,336,83,132,-2,-1,True,True,False,False,336,49/15,near_miss:(1-x)^2+y^2;(1-x)^2+(1-y)^2
39/28,5/7,B_sample,all,35/12,55/48,21/20,147/55,1,1,24634,24634,16/65,28/39,195,48,140,147,55,0,-1,True,True,False,False,147,4/35,near_miss:(1-x)^2+(1-y)^2
65/16,1/6,B_sample,all,12/35,21/20,55/48,55/147,1,1,24634,24634,28/39,16/65,195,140,48,55,147,-1,1,True,True,False,False,147,13/30,near_miss:(1-x)^2+(1-y)^2
39/28,-7/5,B_sample,all,35/12,55/48,21/20,147/55,1,1,24634,24634,16/65,28/39,195,48,140,147,55,0,-1,True,True,False,False,147,2,near_miss:(1-x)^2+(1-y)^2
65/16,-6,B_sample,all,12/35,21/20,55/48,55/147,1,1,24634,24634,28/39,16/65,195,140,48,55,147,-1,1,True,True,False,False,147,33/5,near_miss:(1-x)^2+(1-y)^2
65/16,3/5,known,all,15/8,735/128,847/240,121/105,556609,775009,25666,11071721683689346,128/975,16/65,975,128,240,847,735,-1,1,True,True,False,False,847,0,near_miss:(1-x)^2+y^2;x^2+(1-y)^2;(1-x)^2+(1-y)^2
289/260,16/13,B_sample,all,-416/87,-8/15,2747/2080,2747/232,1,41081,26297,1080307057,-435/2312,260/289,2312,-435,2080,2747,232,1,1,False,False,False,False,2747,41/65,near_miss:(1-x)^2+y^2;(1-x)^2+(1-y)^2
289/260,-13/16,B_sample,all,-416/87,-8/15,2747/2080,2747/232,1,41081,26297,1080307057,-435/2312,260/289,2312,-435,2080,2747,232,1,1,False,False,False,False,2747,113/80,near_miss:(1-x)^2+y^2;(1-x)^2+(1-y)^2
289/29,1/4,known,all,8/15,416/87,1877/232,1877/2080,1,12377,27161,336171697,435/2312,29/289,2312,435,232,1877,2080,1,1,False,True,False,False,2080,7/20,near_miss:(1-x)^2+y^2;(1-x)^2+(1-y)^2
289/29,-4,B_sample,all,8/15,416/87,1877/232,1877/2080,1,12377,27161,336171697,435/2312,29/289,2312,435,232,1877,2080,1,1,False,True,False,False,2080,23/5,near_miss:(1-x)^2+y^2;(1-x)^2+(1-y)^2
13/6,5/9,B_sample,all,45/28,15/8,139/90,139/105,1,27421,30346,832117666,56/195,6/13,195,56,90,139,105,-1,0,True,True,False,False,139,2/45,near_miss:(1-x)^2+y^2;(1-x)^2+(1-y)^2
13/6,-9/5,B_sample,all,45/28,15/8,139/90,139/105,1,27421,30346,832117666,56/195,6/13,195,56,90,139,105,-1,0,True,True,False,False,139,12/5,near_miss:(1-x)^2+y^2;(1-x)^2+(1-y)^2
332/255,1/4,known,all,8/15,616/3825,-1169/2040,-167/88,15010081,5528161,35633,2956760219085963953,3825/2656,255/332,2656,3825,2040,-1169,616,2,0,False,False,False,False,3825,7/20,near_miss:(1-x)^2+y^2;x^2+(1-y)^2;(1-x)^2+(1-y)^2
289/29,-1/4,B_sample,all,-8/15,-416/87,2747/232,2747/2080,1,26297,41081,1080307057,-435/2312,29/289,2312,-435,232,2747,2080,1,1,False,False,False,False,2747,17/20,near_miss:(1-x)^2+y^2;(1-x)^2+(1-y)^2
289/29,4,B_sample,all,-8/15,-416/87,2747/232,2747/2080,1,26297,41081,1080307057,-435/2312,29/289,2312,-435,232,2747,2080,1,1,False,False,False,False,2747,17/5,near_miss:(1-x)^2+y^2;(1-x)^2+(1-y)^2
4225/3196,-1/8,B_sample,all,-16/63,-196/2397,67237/12784,67237/4116,1,1108697,42961,47630731817,-50337/16900,3196/4225,16900,-50337,12784,67237,4116,2,0,False,False,False,False,67237,29/40,near_miss:(1-x)^2+y^2;(1-x)^2+(1-y)^2
4225/3196,8,B_sample,all,-16/63,-196/2397,67237/12784,67237/4116,1,1108697,42961,47630731817,-50337/16900,3196/4225,16900,-50337,12784,67237,4116,2,0,False,False,False,False,67237,37/5,near_miss:(1-x)^2+y^2;(1-x)^2+(1-y)^2
13/6,-3/10,C_sample,all,-60/91,-10/13,221/60,221/70,269,1,53741,14456329,-7/10,6/13,130,-91,60,221,70,0,0,False,False,False,False,221,9/10,near_miss:x^2+(1-y)^2;(1-x)^2+(1-y)^2
13/6,10/3,C_sample,all,-60/91,-10/13,221/60,221/70,269,1,53741,14456329,-7/10,6/13,130,-91,60,221,70,0,0,False,False,False,False,221,41/15,near_miss:x^2+(1-y)^2;(1-x)^2+(1-y)^2
39/28,7/5,B_sample,all,-35/12,-55/48,243/140,243/55,1,78649,62074,4882058026,-16/65,28/39,195,-48,140,243,55,0,-1,True,False,False,False,243,4/5,near_miss:(1-x)^2+y^2;(1-x)^2+(1-y)^2
39/28,-5/7,B_sample,all,-35/12,-55/48,243/140,243/55,1,78649,62074,4882058026,-16/65,28/39,195,-48,140,243,55,0,-1,True,False,False,False,243,46/35,near_miss:(1-x)^2+y^2;(1-x)^2+(1-y)^2
3125/493,6/17,B_sample,all,204/253,31584/7337,30163/5916,4309/4512,1,1511689,62281,94149502609,7337/37500,493/3125,37500,7337,5916,30163,31584,-1,1,True,True,False,False,31584,21/85,near_miss:(1-x)^2+y^2;(1-x)^2+(1-y)^2
3125/493,-17/6,B_sample,all,204/253,31584/7337,30163/5916,4309/4512,1,1511689,62281,94149502609,7337/37500,493/3125,37500,7337,5916,30163,31584,-1,1,True,True,False,False,31584,103/30,near_miss:(1-x)^2+y^2;(1-x)^2+(1-y)^2
65/49,1/4,known,all,8/15,128/735,-215/392,-215/128,556609,199889,62609,6965878366850209,147/104,49/65,520,735,392,-215,128,1,1,False,False,False,False,735,7/20,near_miss:(1-x)^2+y^2;x^2+(1-y)^2;(1-x)^2+(1-y)^2
65/49,5/7,B_sample,all,35/12,20/21,241/245,241/80,1,118106,64481,7615592986,84/325,49/65,325,84,245,241,80,1,1,False,True,False,False,245,4/35,near_miss:(1-x)^2+y^2;(1-x)^2+(1-y)^2
65/49,-7/5,B_sample,all,35/12,20/21,241/245,241/80,1,118106,64481,7615592986,84/325,49/65,325,84,245,241,80,1,1,False,True,False,False,245,2,near_miss:(1-x)^2+y^2;(1-x)^2+(1-y)^2
4225/1029,9/7,B_sample,all,-63/16,-2397/196,13459/3087,13459/9588,1,45130,64633,2916887290,-784/12675,1029/4225,12675,-784,3087,13459,9588,-1,0,True,False,False,False,13459,24/35,near_miss:(1-x)^2+y^2;(1-x)^2+(1-y)^2
4225/1029,-7/9,B_sample,all,-63/16,-2397/196,13459/3087,13459/9588,1,45130,64633,2916887290,-784/12675,1029/4225,12675,-784,3087,13459,9588,-1,0,True,False,False,False,13459,62/45,near_miss:(1-x)^2+y^2;(1-x)^2+(1-y)^2
13/6,-5/9,B_sample,all,-45/28,-15/8,251/90,251/105,1,71101,74026,5263322626,-56/195,6/13,195,-56,90,251,105,-1,0,True,False,False,False,251,52/45,near_miss:(1-x)^2+y^2;(1-x)^2+(1-y)^2
13/6,9/5,B_sample,all,-45/28,-15/8,251/90,251/105,1,71101,74026,5263322626,-56/195,6/13,195,-56,90,251,105,-1,0,True,False,False,False,251,6/5,near_miss:(1-x)^2+y^2;(1-x)^2+(1-y)^2
39/11,-5/11,B_sample,all,-55/48,-35/12,243/55,243/140,1,62074,78649,4882058026,-16/65,11/39,195,-48,55,243,140,0,-1,True,False,False,False,243,58/55,near_miss:(1-x)^2+y^2;(1-x)^2+(1-y)^2
39/11,11/5,B_sample,all,-55/48,-35/12,243/55,243/140,1,62074,78649,4882058026,-16/65,11/39,195,-48,55,243,140,0,-1,True,False,False,False,243,8/5,near_miss:(1-x)^2+y^2;(1-x)^2+(1-y)^2
289/29,3/5,known,all,15/8,975/58,4103/435,4103/3900,3301,58906,110881,21560666969986,232/4335,29/289,4335,232,435,4103,3900,-1,1,True,True,False,False,4103,0,near_miss:(1-x)^2+y^2;x^2+(1-y)^2;(1-x)^2+(1-y)^2
65/49,-3/7,B_sample,all,-21/20,-12/35,335/147,335/48,1,133834,114529,15327874186,-28/39,49/65,195,-140,147,335,48,-1,1,True,False,False,False,335,36/35,near_miss:(1-x)^2+y^2;(1-x)^2+(1-y)^2
65/49,7/3,B_sample,all,-21/20,-12/35,335/147,335/48,1,133834,114529,15327874186,-28/39,49/65,195,-140,147,335,48,-1,1,True,False,False,False,335,26/15,near_miss:(1-x)^2+y^2;(1-x)^2+(1-y)^2
12675/11891,-11/23,B_sample,all,-253/204,-196/2397,22263/11891,22263/784,1,150778,117457,17709931546,-3196/4225,11891/12675,12675,-9588,11891,22263,784,0,-1,True,False,False,False,22263,124/115,near_miss:(1-x)^2+y^2;(1-x)^2+(1-y)^2
12675/11891,23/11,B_sample,all,-253/204,-196/2397,22263/11891,22263/784,1,150778,117457,17709931546,-3196/4225,11891/12675,12675,-9588,11891,22263,784,0,-1,True,False,False,False,22263,82/55,near_miss:(1-x)^2+y^2;(1-x)^2+(1-y)^2
65/16,2/5,B_sample,all,20/21,35/12,241/80,241/245,1,64481,118106,7615592986,84/325,16/65,325,84,80,241,245,1,1,False,True,False,False,245,1/5,near_miss:(1-x)^2+y^2;(1-x)^2+(1-y)^2
65/16,-5/2,B_sample,all,20/21,35/12,241/80,241/245,1,64481,118106,7615592986,84/325,16/65,325,84,80,241,245,1,1,False,True,False,False,245,31/10,near_miss:(1-x)^2+y^2;(1-x)^2+(1-y)^2
39/11,1/6,B_sample,all,12/35,48/55,83/132,83/336,1,24313,119785,2912332705,385/468,11/39,468,385,132,83,336,-2,-1,True,True,False,False,336,13/30,near_miss:(1-x)^2+y^2;(1-x)^2+(1-y)^2
39/11,-6,B_sample,all,12/35,48/55,83/132,83/336,1,24313,119785,2912332705,385/468,11/39,468,385,132,83,336,-2,-1,True,True,False,False,336,33/5,near_miss:(1-x)^2+y^2;(1-x)^2+(1-y)^2
65/16,-1/6,B_sample,all,-12/35,-21/20,335/48,335/147,1,114529,133834,15327874186,-28/39,16/65,195,-140,48,335,147,-1,1,True,False,False,False,335,23/30,near_miss:(1-x)^2+y^2;(1-x)^2+(1-y)^2
65/16,6,B_sample,all,-12/35,-21/20,335/48,335/147,1,114529,133834,15327874186,-28/39,16/65,195,-140,48,335,147,-1,1,True,False,False,False,335,27/5,near_miss:(1-x)^2+y^2;(1-x)^2+(1-y)^2
39/28,3/5,known,all,15/8,165/224,361/420,361/165,77401,306721,157546,3740222722615066,224/585,28/39,585,224,420,361,165,-2,-1,True,True,False,False,420,0,near_miss:(1-x)^2+y^2;x^2+(1-y)^2;(1-x)^2+(1-y)^2
65/49,7/5,B_sample,all,-35/12,-20/21,409/245,409/80,1,227306,173681,39478733386,-84/325,49/65,325,-84,245,409,80,1,1,False,False,False,False,409,4/5,near_miss:(1-x)^2+y^2;(1-x)^2+(1-y)^2
65/49,-5/7,B_sample,all,-35/12,-20/21,409/245,409/80,1,227306,173681,39478733386,-84/325,49/65,325,-84,245,409,80,1,1,False,False,False,False,409,46/35,near_miss:(1-x)^2+y^2;(1-x)^2+(1-y)^2
65/16,-2/5,B_sample,all,-20/21,-35/12,409/80,409/245,1,173681,227306,39478733386,-84/325,16/65,325,-84,80,409,245,1,1,False,False,False,False,409,1,near_miss:(1-x)^2+y^2;(1-x)^2+(1-y)^2
65/16,5/2,B_sample,all,-20/21,-35/12,409/80,409/245,1,173681,227306,39478733386,-84/325,16/65,325,-84,80,409,245,1,1,False,False,False,False,409,19/10,near_miss:(1-x)^2+y^2;(1-x)^2+(1-y)^2
4225/3196,1/8,B_sample,all,16/63,196/2397,-33437/12784,-33437/4116,1,303305,268633,81477732065,50337/16900,3196/4225,16900,50337,12784,-33437,4116,2,0,False,False,False,False,33437,19/40,near_miss:(1-x)^2+y^2;(1-x)^2+(1-y)^2
4225/3196,-8,B_sample,all,16/63,196/2397,-33437/12784,-33437/4116,1,303305,268633,81477732065,50337/16900,3196/4225,16900,50337,12784,-33437,4116,2,0,False,False,False,False,33437,43/5,near_miss:(1-x)^2+y^2;(1-x)^2+(1-y)^2
4225/3196,1/4,known,all,8/15,686/3995,-3535/6392,-505/294,16430621,53353889,341461,299337527301843695809,2397/1690,3196/4225,8450,11985,6392,-3535,2058,1,0,False,False,False,False,6392,7/20,near_miss:(1-x)^2+y^2;x^2+(1-y)^2;(1-x)^2+(1-y)^2
65/49,3/5,known,all,15/8,30/49,583/735,583/240,3301,880114,397489,1154807426995546,392/975,49/65,975,392,735,583,240,-1,1,True,True,False,False,735,0,near_miss:(1-x)^2+y^2;x^2+(1-y)^2;(1-x)^2+(1-y)^2
9375/7072,1/4,known,all,8/15,2303/13260,-3885/7072,-555/329,181131409,65106409,416266,4908948177342545570746,884/625,7072/9375,9375,13260,7072,-3885,2303,0,-1,True,False,False,False,13260,7/20,near_miss:(1-x)^2+y^2;x^2+(1-y)^2;(1-x)^2+(1-y)^2
867/451,3/5,known,all,15/8,780/451,9397/6765,9397/6240,1,463906,440281,204248997586,3608/13005,451/867,13005,3608,6765,9397,6240,-2,-1,True,True,False,False,9397,0,near_miss:(1-x)^2+y^2;(1-x)^2+(1-y)^2
867/451,-5/3,B_sample,all,15/8,780/451,9397/6765,9397/6240,1,463906,440281,204248997586,3608/13005,451/867,13005,3608,6765,9397,6240,-2,-1,True,True,False,False,9397,34/15,near_miss:(1-x)^2+y^2;(1-x)^2+(1-y)^2
867/416,15/26,B_sample,all,780/451,15/8,9397/6240,9397/6765,1,440281,463906,204248997586,3608/13005,416/867,13005,3608,6240,9397,6765,-2,-1,True,True,False,False,9397,3/130,near_miss:(1-x)^2+y^2;(1-x)^2+(1-y)^2
867/416,-26/15,B_sample,all,780/451,15/8,9397/6240,9397/6765,1,440281,463906,204248997586,3608/13005,416/867,13005,3608,6240,9397,6765,-2,-1,True,True,False,False,9397,7/3,near_miss:(1-x)^2+y^2;(1-x)^2+(1-y)^2
867/416,3/5,known,all,15/8,6765/3328,9677/6240,9677/6765,196681,458761,482386,43525482435047026,3328/13005,416/867,13005,3328,6240,9677,6765,-2,-1,True,True,False,False,9677,0,near_miss:(1-x)^2+y^2;x^2+(1-y)^2;(1-x)^2+(1-y)^2
3125/493,-3/29,B_sample,all,-87/416,-987/884,16447/1479,16447/7896,1,436306,532561,232359559666,-7072/9375,493/3125,9375,-7072,1479,16447,7896,-1,1,True,False,False,False,16447,102/145,near_miss:(1-x)^2+y^2;(1-x)^2+(1-y)^2
3125/493,29/3,B_sample,all,-87/416,-987/884,16447/1479,16447/7896,1,436306,532561,232359559666,-7072/9375,493/3125,9375,-7072,1479,16447,7896,-1,1,True,False,False,False,16447,136/15,near_miss:(1-x)^2+y^2;(1-x)^2+(1-y)^2
9375/2303,-1/7,B_sample,all,-7/24,-884/987,17271/2303,17271/7072,1,485746,557281,270697016626,-2632/3125,2303/9375,9375,-7896,2303,17271,7072,0,-1,True,False,False,False,17271,26/35,near_miss:(1-x)^2+y^2;(1-x)^2+(1-y)^2
9375/2303,7,B_sample,all,-7/24,-884/987,17271/2303,17271/7072,1,485746,557281,270697016626,-2632/3125,2303/9375,9375,-7896,2303,17271,7072,0,-1,True,False,False,False,17271,32/5,near_miss:(1-x)^2+y^2;(1-x)^2+(1-y)^2
39/28,-3/8,B_sample,all,-48/55,-12/35,853/336,853/132,1,840505,745033,626203961665,-385/468,28/39,468,-385,336,853,132,-2,-1,True,False,False,False,853,39/40,near_miss:(1-x)^2+y^2;(1-x)^2+(1-y)^2
39/28,8/3,B_sample,all,-48/55,-12/35,853/336,853/132,1,840505,745033,626203961665,-385/468,28/39,468,-385,336,853,132,-2,-1,True,False,False,False,853,31/15,near_miss:(1-x)^2+y^2;(1-x)^2+(1-y)^2
39/11,-1/6,B_sample,all,-12/35,-48/55,853/132,853/336,1,745033,840505,626203961665,-385/468,11/39,468,-385,132,853,336,-2,-1,True,False,False,False,853,23/30,near_miss:(1-x)^2+y^2;(1-x)^2+(1-y)^2
39/11,6,B_sample,all,-12/35,-48/55,853/132,853/336,1,745033,840505,626203961665,-385/468,11/39,468,-385,132,853,336,-2,-1,True,False,False,False,853,27/5,near_miss:(1-x)^2+y^2;(1-x)^2+(1-y)^2
9375/7072,3/4,B_sample,all,24/7,987/884,21937/21216,21937/6909,1,1490161,846346,1261191801706,6188/28125,7072/9375,28125,6188,21216,21937,6909,-2,-1,True,True,False,False,21937,3/20,near_miss:(1-x)^2+y^2;(1-x)^2+(1-y)^2
9375/7072,-4/3,B_sample,all,24/7,987/884,21937/21216,21937/6909,1,1490161,846346,1261191801706,6188/28125,7072/9375,28125,6188,21216,21937,6909,-2,-1,True,True,False,False,21937,29/15,near_miss:(1-x)^2+y^2;(1-x)^2+(1-y)^2
867/451,5/3,B_sample,all,-15/8,-780/451,16613/6765,16613/6240,1,1113346,1089721,1213236516466,-3608/13005,451/867,13005,-3608,6765,16613,6240,-2,-1,True,False,False,False,16613,16/15,near_miss:(1-x)^2+y^2;(1-x)^2+(1-y)^2
867/451,-3/5,B_sample,all,-15/8,-780/451,16613/6765,16613/6240,1,1113346,1089721,1213236516466,-3608/13005,451/867,13005,-3608,6765,16613,6240,-2,-1,True,False,False,False,16613,6/5,near_miss:(1-x)^2+y^2;(1-x)^2+(1-y)^2
867/416,26/15,B_sample,all,-780/451,-15/8,16613/6240,16613/6765,1,1089721,1113346,1213236516466,-3608/13005,416/867,13005,-3608,6240,16613,6765,-2,-1,True,False,False,False,16613,17/15,near_miss:(1-x)^2+y^2;(1-x)^2+(1-y)^2
867/416,-15/26,B_sample,all,-780/451,-15/8,16613/6240,16613/6765,1,1089721,1113346,1213236516466,-3608/13005,416/867,13005,-3608,6240,16613,6765,-2,-1,True,False,False,False,16613,153/130,near_miss:(1-x)^2+y^2;(1-x)^2+(1-y)^2
249/119,1/4,known,all,8/15,208/357,207/952,207/1040,170713,949153,1124449,182197570551519961,595/664,119/249,1992,1785,952,207,1040,0,-1,True,True,False,False,1040,7/20,near_miss:(1-x)^2+y^2;x^2+(1-y)^2;(1-x)^2+(1-y)^2
9375/7072,4/3,B_sample,all,-24/7,-987/884,34313/21216,34313/6909,1,2604001,1960186,5104326304186,-6188/28125,7072/9375,28125,-6188,21216,34313,6909,-2,-1,True,False,False,False,34313,11/15,near_miss:(1-x)^2+y^2;(1-x)^2+(1-y)^2
9375/7072,-3/4,B_sample,all,-24/7,-987/884,34313/21216,34313/6909,1,2604001,1960186,5104326304186,-6188/28125,7072/9375,28125,-6188,21216,34313,6909,-2,-1,True,False,False,False,34313,27/20,near_miss:(1-x)^2+y^2;(1-x)^2+(1-y)^2
332/255,-9/17,B_sample,all,-153/104,-231/520,1516/765,1516/231,1,2883481,2351617,6780842938777,-130/249,255/332,996,-520,765,1516,231,-1,0,True,False,False,False,1516,96/85,near_miss:(1-x)^2+y^2;(1-x)^2+(1-y)^2
332/255,17/9,B_sample,all,-153/104,-231/520,1516/765,1516/231,1,2883481,2351617,6780842938777,-130/249,255/332,996,-520,765,1516,231,-1,0,True,False,False,False,1516,58/45,near_miss:(1-x)^2+y^2;(1-x)^2+(1-y)^2
249/130,-4/13,B_sample,all,-104/153,-28/45,1761/520,1761/476,1,3371521,3327697,11219400317137,-255/332,130/249,996,-765,520,1761,476,1,-1,True,False,False,False,1761,59/65,near_miss:(1-x)^2+y^2;(1-x)^2+(1-y)^2
249/130,13/4,B_sample,all,-104/153,-28/45,1761/520,1761/476,1,3371521,3327697,11219400317137,-255/332,130/249,996,-765,520,1761,476,1,-1,True,False,False,False,1761,53/20,near_miss:(1-x)^2+y^2;(1-x)^2+(1-y)^2
249/119,-2/7,B_sample,all,-28/45,-104/153,1761/476,1761/520,1,3327697,3371521,11219400317137,-255/332,119/249,996,-765,476,1761,520,1,-1,True,False,False,False,1761,31/35,near_miss:(1-x)^2+y^2;(1-x)^2+(1-y)^2
249/119,7/2,B_sample,all,-28/45,-104/153,1761/476,1761/520,1,3327697,3371521,11219400317137,-255/332,119/249,996,-765,476,1761,520,1,-1,True,False,False,False,1761,29/10,near_miss:(1-x)^2+y^2;(1-x)^2+(1-y)^2
3125/2632,1/4,known,all,8/15,493/4935,-905/1316,-1810/493,145546,2550881,3519149,1306556300393871874,987/625,2632/3125,3125,4935,2632,-1810,493,1,1,False,False,False,False,4935,7/20,near_miss:(1-x)^2+y^2;x^2+(1-y)^2;(1-x)^2+(1-y)^2
249/119,9/17,B_sample,all,153/104,45/28,89/63,1513/1170,1,11890,3658069,43494440410,728/2241,119/249,2241,728,1071,1513,1170,-3,-1,True,True,False,False,1513,6/85,near_miss:(1-x)^2+y^2;(1-x)^2+(1-y)^2
249/119,-17/9,B_sample,all,153/104,45/28,89/63,1513/1170,1,11890,3658069,43494440410,728/2241,119/249,2241,728,1071,1513,1170,-3,-1,True,True,False,False,1513,112/45,near_miss:(1-x)^2+y^2;(1-x)^2+(1-y)^2
3125/493,-6/17,B_sample,all,-204/253,-31584/7337,44837/5916,44837/31584,1,3272569,4812649,15749725925281,-7337/37500,493/3125,37500,-7337,5916,44837,31584,-1,1,True,False,False,False,44837,81/85,near_miss:(1-x)^2+y^2;(1-x)^2+(1-y)^2
3125/493,17/6,B_sample,all,-204/253,-31584/7337,44837/5916,44837/31584,1,3272569,4812649,15749725925281,-7337/37500,493/3125,37500,-7337,5916,44837,31584,-1,1,True,False,False,False,44837,67/30,near_miss:(1-x)^2+y^2;(1-x)^2+(1-y)^2
332/77,1/4,known,all,8/15,136/77,1501/616,1501/2040,977,2632457,6414601,16497779594649889,1155/2656,77/332,2656,1155,616,1501,2040,1,0,False,True,False,False,2040,7/20,near_miss:(1-x)^2+y^2;x^2+(1-y)^2;(1-x)^2+(1-y)^2
249/130,-5/9,B_sample,all,-45/28,-153/104,2969/1170,2969/1071,1,10183861,9962002,101451643649722,-728/2241,130/249,2241,-728,1170,2969,1071,-3,-1,True,False,False,False,2969,52/45,near_miss:(1-x)^2+y^2;(1-x)^2+(1-y)^2
249/130,9/5,B_sample,all,-45/28,-153/104,2969/1170,2969/1071,1,10183861,9962002,101451643649722,-728/2241,130/249,2241,-728,1170,2969,1071,-3,-1,True,False,False,False,2969,6/5,near_miss:(1-x)^2+y^2;(1-x)^2+(1-y)^2
249/119,-9/17,B_sample,all,-153/104,-45/28,2969/1071,2969/1170,1,9962002,10183861,101451643649722,-728/2241,119/249,2241,-728,1071,2969,1170,-3,-1,True,False,False,False,2969,96/85,near_miss:(1-x)^2+y^2;(1-x)^2+(1-y)^2
249/119,17/9,B_sample,all,-153/104,-45/28,2969/1071,2969/1170,1,9962002,10183861,101451643649722,-728/2241,119/249,2241,-728,1071,2969,1170,-3,-1,True,False,False,False,2969,58/45,near_miss:(1-x)^2+y^2;(1-x)^2+(1-y)^2
249/119,3/5,known,all,15/8,975/476,2783/1785,2783/1950,1177201,10931314,11547589,148598460466972133146,952/3735,119/249,3735,952,1785,2783,1950,-2,-1,True,True,False,False,2783,0,near_miss:(1-x)^2+y^2;x^2+(1-y)^2;(1-x)^2+(1-y)^2
249/130,4/25,B_sample,all,200/609,340/1131,-2937/2600,-2937/2380,1,15385969,14290369,219871174432561,2639/1660,130/249,4980,7917,2600,-2937,2380,0,-1,True,False,False,False,2937,11/25,near_miss:(1-x)^2+y^2;(1-x)^2+(1-y)^2
249/130,-25/4,B_sample,all,200/609,340/1131,-2937/2600,-2937/2380,1,15385969,14290369,219871174432561,2639/1660,130/249,4980,7917,2600,-2937,2380,0,-1,True,False,False,False,2937,137/20,near_miss:(1-x)^2+y^2;(1-x)^2+(1-y)^2
3125/493,1/4,known,all,8/15,21056/7395,17605/3944,2515/3008,498041161,325491161,15373289,2492133067409371666452169,1479/5000,493/3125,25000,7395,3944,17605,21056,1,1,False,True,False,False,21056,7/20,near_miss:(1-x)^2+y^2;x^2+(1-y)^2;(1-x)^2+(1-y)^2
3125/2632,13/16,B_sample,all,416/87,884/987,133877/136864,133877/25636,1,58647689,29728409,1743502485496801,28623/162500,2632/3125,162500,28623,136864,133877,25636,1,1,False,True,False,False,136864,17/80,near_miss:(1-x)^2+y^2;(1-x)^2+(1-y)^2
3125/2632,-16/13,B_sample,all,416/87,884/987,133877/136864,133877/25636,1,58647689,29728409,1743502485496801,28623/162500,2632/3125,162500,28623,136864,133877,25636,1,1,False,True,False,False,136864,119/65,near_miss:(1-x)^2+y^2;(1-x)^2+(1-y)^2
332/77,3/5,known,all,15/8,3825/616,4364/1155,4364/3825,15010081,20378521,33675121,10300655484927373969321,154/1245,77/332,4980,616,1155,4364,3825,-1,0,True,True,False,False,4364,0,near_miss:(1-x)^2+y^2;x^2+(1-y)^2;(1-x)^2+(1-y)^2
4225/3196,3/5,known,all,15/8,15435/25568,37807/47940,5401/2205,891961849,3727612849,34032826,113155350059338529627015626,25568/63375,3196/4225,63375,25568,47940,37807,15435,-1,0,True,True,False,False,47940,0,near_miss:(1-x)^2+y^2;x^2+(1-y)^2;(1-x)^2+(1-y)^2
3125/2632,16/13,B_sample,all,-416/87,-884/987,191123/136864,191123/25636,1,88415609,59496329,5260404161799361,-28623/162500,2632/3125,162500,-28623,136864,191123,25636,1,1,False,False,False,False,191123,41/65,near_miss:(1-x)^2+y^2;(1-x)^2+(1-y)^2
3125/2632,-13/16,B_sample,all,-416/87,-884/987,191123/136864,191123/25636,1,88415609,59496329,5260404161799361,-28623/162500,2632/3125,162500,-28623,136864,191123,25636,1,1,False,False,False,False,191123,113/80,near_miss:(1-x)^2+y^2;(1-x)^2+(1-y)^2
3125/493,3/5,known,all,15/8,4935/493,42931/7395,6133/5640,145546,1897756786,69423289,19175469772619606608084,3944/46875,493/3125,46875,3944,7395,42931,39480,-1,1,True,True,False,False,42931,0,near_miss:(1-x)^2+y^2;x^2+(1-y)^2;(1-x)^2+(1-y)^2
12675/11891,1/4,known,all,8/15,6272/178365,-76965/95128,-10995/896,31853411209,14972947609,121692841,58040117531701238628887197321,11891/6760,11891/12675,101400,178365,95128,-76965,6272,0,-1,True,False,False,False,178365,7/20,near_miss:(1-x)^2+y^2;x^2+(1-y)^2;(1-x)^2+(1-y)^2
3125/493,8/29,B_sample,all,464/777,6016/1887,36791/7888,36791/42112,1,56631929,125079929,7083517658453041,13209/50000,493/3125,50000,13209,7888,36791,42112,1,1,False,True,False,False,42112,47/145,near_miss:(1-x)^2+y^2;(1-x)^2+(1-y)^2
3125/493,-29/8,B_sample,all,464/777,6016/1887,36791/7888,36791/42112,1,56631929,125079929,7083517658453041,13209/50000,493/3125,50000,13209,7888,36791,42112,1,1,False,True,False,False,42112,169/40,near_miss:(1-x)^2+y^2;(1-x)^2+(1-y)^2
3125/2632,11/23,B_sample,all,253/204,7337/31584,253697/665896,253697/124729,1,812447441,127871186,103888617843335026,536928/790625,2632/3125,790625,536928,665896,253697,124729,1,1,False,True,False,False,665896,14/115,near_miss:(1-x)^2+y^2;(1-x)^2+(1-y)^2
3125/2632,-23/11,B_sample,all,253/204,7337/31584,253697/665896,253697/124729,1,812447441,127871186,103888617843335026,536928/790625,2632/3125,790625,536928,665896,253697,124729,1,1,False,True,False,False,665896,148/55,near_miss:(1-x)^2+y^2;(1-x)^2+(1-y)^2
867/451,-5/14,C_sample,all,-140/171,-58240/77121,198501/63140,198501/58240,32316769,1,148078009,4785402810832921,-25707/40460,451/867,121380,-77121,63140,198501,58240,1,-1,True,False,False,False,198501,67/70,near_miss:x^2+(1-y)^2;(1-x)^2+(1-y)^2
867/451,14/5,C_sample,all,-140/171,-58240/77121,198501/63140,198501/58240,32316769,1,148078009,4785402810832921,-25707/40460,451/867,121380,-77121,63140,198501,58240,1,-1,True,False,False,False,198501,11/5,near_miss:x^2+(1-y)^2;(1-x)^2+(1-y)^2
9375/7072,3/5,known,all,15/8,34545/56576,84049/106080,12007/4935,4394200801,18317200801,168522274,13564266567960809636663120674,56576/140625,7072/9375,140625,56576,106080,84049,34545,-2,-1,True,True,False,False,106080,0,near_miss:(1-x)^2+y^2;x^2+(1-y)^2;(1-x)^2+(1-y)^2
12675/784,6/17,B_sample,all,204/253,2397/196,596837/39984,596837/606441,1,84689497,171357418,14512173537638746,49588/646425,784/12675,646425,49588,39984,596837,606441,-2,-1,True,True,False,False,606441,21/85,near_miss:(1-x)^2+y^2;(1-x)^2+(1-y)^2
12675/784,-17/6,B_sample,all,204/253,2397/196,596837/39984,596837/606441,1,84689497,171357418,14512173537638746,49588/646425,784/12675,646425,49588,39984,596837,606441,-2,-1,True,True,False,False,606441,103/30,near_miss:(1-x)^2+y^2;(1-x)^2+(1-y)^2
249/130,-4/25,B_sample,all,-200/609,-340/1131,12897/2600,12897/2380,1,173092609,171997009,29771411028006481,-2639/1660,130/249,4980,-7917,2600,12897,2380,0,-1,True,False,False,False,12897,19/25,near_miss:(1-x)^2+y^2;(1-x)^2+(1-y)^2
249/130,25/4,B_sample,all,-200/609,-340/1131,12897/2600,12897/2380,1,173092609,171997009,29771411028006481,-2639/1660,130/249,4980,-7917,2600,12897,2380,0,-1,True,False,False,False,12897,113/20,near_miss:(1-x)^2+y^2;(1-x)^2+(1-y)^2
12675/11891,3/5,known,all,15/8,1470/11891,94997/178365,13571/1680,143556781,40838503234,186994441,1096281849741163200047697514,95128/190125,11891/12675,190125,95128,178365,94997,11760,-2,-1,True,True,False,False,178365,0,near_miss:(1-x)^2+y^2;x^2+(1-y)^2;(1-x)^2+(1-y)^2
12675/784,-6/17,B_sample,all,-204/253,-2397/196,696013/39984,696013/606441,1,115037353,201705274,23203640807099722,-49588/646425,784/12675,646425,-49588,39984,696013,606441,-2,-1,True,False,False,False,696013,81/85,near_miss:(1-x)^2+y^2;(1-x)^2+(1-y)^2
12675/784,17/6,B_sample,all,-204/253,-2397/196,696013/39984,696013/606441,1,115037353,201705274,23203640807099722,-49588/646425,784/12675,646425,-49588,39984,696013,606441,-2,-1,True,False,False,False,696013,67/30,near_miss:(1-x)^2+y^2;(1-x)^2+(1-y)^2
3125/493,-8/29,B_sample,all,-464/777,-6016/1887,63209/7888,63209/42112,1,162303929,230751929,37451944701029041,-13209/50000,493/3125,50000,-13209,7888,63209,42112,1,1,False,False,False,False,63209,127/145,near_miss:(1-x)^2+y^2;(1-x)^2+(1-y)^2
3125/493,29/8,B_sample,all,-464/777,-6016/1887,63209/7888,63209/42112,1,162303929,230751929,37451944701029041,-13209/50000,493/3125,50000,-13209,7888,63209,42112,1,1,False,False,False,False,63209,121/40,near_miss:(1-x)^2+y^2;(1-x)^2+(1-y)^2
12675/784,1/4,known,all,8/15,11891/1470,11205/784,11205/11891,143556781,126166681,266947906,4834982521717658747725066,98/845,784/12675,12675,1470,784,11205,11891,0,-1,True,True,False,False,11891,7/20,near_miss:(1-x)^2+y^2;x^2+(1-y)^2;(1-x)^2+(1-y)^2
249/119,21/29,B_sample,all,609/200,1131/340,2609/1479,18263/11310,1,8994322,461453269,4150459289338618,3400/21663,119/249,21663,3400,10353,18263,11310,-2,-1,True,True,False,False,18263,18/145,near_miss:(1-x)^2+y^2;(1-x)^2+(1-y)^2
249/119,-29/21,B_sample,all,609/200,1131/340,2609/1479,18263/11310,1,8994322,461453269,4150459289338618,3400/21663,119/249,21663,3400,10353,18263,11310,-2,-1,True,True,False,False,18263,208/105,near_miss:(1-x)^2+y^2;(1-x)^2+(1-y)^2
332/255,13/20,B_sample,all,520/231,104/153,22747/26520,22747/8008,1,1220736409,581554073,709924230713343857,11781/34528,255/332,34528,11781,26520,22747,8008,2,0,False,True,False,False,26520,1/20,near_miss:(1-x)^2+y^2;(1-x)^2+(1-y)^2
332/255,-20/13,B_sample,all,520/231,104/153,22747/26520,22747/8008,1,1220736409,581554073,709924230713343857,11781/34528,255/332,34528,11781,26520,22747,8008,2,0,False,True,False,False,26520,139/65,near_miss:(1-x)^2+y^2;(1-x)^2+(1-y)^2
4225/1029,3/5,known,all,15/8,3995/686,6127/1715,18381/15980,16430621,40481354,593221561,394571702295084150321874,2744/21125,1029/4225,21125,2744,5145,18381,15980,0,0,False,True,False,False,18381,0,near_miss:(1-x)^2+y^2;x^2+(1-y)^2;(1-x)^2+(1-y)^2
3125/2632,3/5,known,all,15/8,7395/21056,25819/39480,25819/7395,498041161,2225291161,721306786,799414640643210551842471906,21056/46875,2632/3125,46875,21056,39480,25819,7395,-1,1,True,True,False,False,39480,0,near_miss:(1-x)^2+y^2;x^2+(1-y)^2;(1-x)^2+(1-y)^2
249/119,29/21,B_sample,all,-609/200,-1131/340,25063/10353,25063/11310,1,735338578,756070069,555967489406821882,-3400/21663,119/249,21663,-3400,10353,25063,11310,-2,-1,True,False,False,False,25063,82/105,near_miss:(1-x)^2+y^2;(1-x)^2+(1-y)^2
249/119,-21/29,B_sample,all,-609/200,-1131/340,25063/10353,25063/11310,1,735338578,756070069,555967489406821882,-3400/21663,119/249,21663,-3400,10353,25063,11310,-2,-1,True,False,False,False,25063,192/145,near_miss:(1-x)^2+y^2;(1-x)^2+(1-y)^2
4225/1029,1/4,known,all,8/15,25568/15435,18365/8232,18365/25568,891961849,405039049,990995849,358026364980969935075114249,3087/6760,1029/4225,33800,15435,8232,18365,25568,2,0,False,True,False,False,25568,7/20,near_miss:(1-x)^2+y^2;x^2+(1-y)^2;(1-x)^2+(1-y)^2
332/77,4/13,B_sample,all,104/153,520/231,22747/8008,22747/26520,1,581554073,1220736409,709924230713343857,11781/34528,77/332,34528,11781,8008,22747,26520,2,0,False,True,False,False,26520,19/65,near_miss:(1-x)^2+y^2;(1-x)^2+(1-y)^2
332/77,-13/4,B_sample,all,104/153,520/231,22747/8008,22747/26520,1,581554073,1220736409,709924230713343857,11781/34528,77/332,34528,11781,8008,22747,26520,2,0,False,True,False,False,26520,77/20,near_miss:(1-x)^2+y^2;(1-x)^2+(1-y)^2
332/255,20/13,B_sample,all,-520/231,-104/153,46309/26520,46309/8008,1,2847833881,2208651545,6289872701173996145,-11781/34528,255/332,34528,-11781,26520,46309,8008,2,0,False,False,False,False,46309,61/65,near_miss:(1-x)^2+y^2;(1-x)^2+(1-y)^2
332/255,-13/20,B_sample,all,-520/231,-104/153,46309/26520,46309/8008,1,2847833881,2208651545,6289872701173996145,-11781/34528,255/332,34528,-11781,26520,46309,8008,2,0,False,False,False,False,46309,5/4,near_miss:(1-x)^2+y^2;(1-x)^2+(1-y)^2
3125/2632,-11/23,B_sample,all,-253/204,-7337/31584,1327553/665896,1327553/124729,1,3529303121,2844726866,10039903406566348786,-536928/790625,2632/3125,790625,-536928,665896,1327553,124729,1,1,False,False,False,False,1327553,124/115,near_miss:(1-x)^2+y^2;(1-x)^2+(1-y)^2
3125/2632,23/11,B_sample,all,-253/204,-7337/31584,1327553/665896,1327553/124729,1,3529303121,2844726866,10039903406566348786,-536928/790625,2632/3125,790625,-536928,665896,1327553,124729,1,1,False,False,False,False,1327553,82/55,near_miss:(1-x)^2+y^2;(1-x)^2+(1-y)^2
332/77,-4/13,B_sample,all,-104/153,-520/231,46309/8008,46309/26520,1,2208651545,2847833881,6289872701173996145,-11781/34528,77/332,34528,-11781,8008,46309,26520,2,0,False,False,False,False,46309,59/65,near_miss:(1-x)^2+y^2;(1-x)^2+(1-y)^2
332/77,13/4,B_sample,all,-104/153,-520/231,46309/8008,46309/26520,1,2208651545,2847833881,6289872701173996145,-11781/34528,77/332,34528,-11781,8008,46309,26520,2,0,False,False,False,False,46309,53/20,near_miss:(1-x)^2+y^2;(1-x)^2+(1-y)^2
9375/2303,1/4,known,all,8/15,56576/34545,40455/18424,40455/56576,4394200801,1175521,4837450801,24987732723275094375099121,2303/5000,2303/9375,75000,34545,18424,40455,56576,0,-1,True,True,False,False,56576,7/20,near_miss:(1-x)^2+y^2;x^2+(1-y)^2;(1-x)^2+(1-y)^2
249/119,11/24,B_sample,all,528/455,1056/833,77327/62832,77327/68640,1,9927325153,10690914529,106132184712314847937,54145/131472,119/249,131472,54145,62832,77327,68640,-2,-1,True,True,False,False,77327,17/120,near_miss:(1-x)^2+y^2;(1-x)^2+(1-y)^2
249/119,-24/11,B_sample,all,528/455,1056/833,77327/62832,77327/68640,1,9927325153,10690914529,106132184712314847937,54145/131472,119/249,131472,54145,62832,77327,68640,-2,-1,True,True,False,False,77327,153/55,near_miss:(1-x)^2+y^2;(1-x)^2+(1-y)^2
9375/2303,3/5,known,all,15/8,13260/2303,122201/34545,122201/106080,181131409,16126441426,26186050801,76489586829531420584512436434,18424/140625,2303/9375,140625,18424,34545,122201,106080,-2,-1,True,True,False,False,122201,0,near_miss:(1-x)^2+y^2;x^2+(1-y)^2;(1-x)^2+(1-y)^2
249/119,-11/24,B_sample,all,-528/455,-1056/833,185617/62832,185617/68640,1,38401530913,39165120289,1504000577489396993857,-54145/131472,119/249,131472,-54145,62832,185617,68640,-2,-1,True,False,False,False,185617,127/120,near_miss:(1-x)^2+y^2;(1-x)^2+(1-y)^2
249/119,24/11,B_sample,all,-528/455,-1056/833,185617/62832,185617/68640,1,38401530913,39165120289,1504000577489396993857,-54145/131472,119/249,131472,-54145,62832,185617,68640,-2,-1,True,False,False,False,185617,87/55,near_miss:(1-x)^2+y^2;(1-x)^2+(1-y)^2
12675/784,3/5,known,all,15/8,178365/6272,183853/11760,183853/178365,31853411209,33940223209,65615998834,70938236277545844075693203071954,6272/190125,784/12675,190125,6272,11760,183853,178365,-2,-1,True,True,False,False,183853,0,near_miss:(1-x)^2+y^2;x^2+(1-y)^2;(1-x)^2+(1-y)^2
