row_id,N,p,q,r,s,h_pq,h_rq,h_ps,h_rs_square,h_rs_or_sqrt_factor,fourth_norm,defect,primitive,canonical_key,duplicate_of,x,y,yc,v3_x,v3_yc,mcc_live,A,B,C,D,delta,A_in_S,B_in_S,C_in_S,D_in_S,love_relation_ok,notes
1,52,45,24,7,28,51,25,53,False,7*sqrt(17),7*sqrt(17)/52,17,True,52:7:24,,45/52,6/13,-1/26,2,0,False,8/15,28/45,7/24,1/4,13/6,True,True,True,False,True,THREE_DISTANCE_SEED
2,52,24,45,28,7,51,53,25,False,7*sqrt(17),7*sqrt(17)/52,17,True,52:7:24,1,6/13,45/52,19/52,1,0,False,15/8,7/24,28/45,4,52/45,True,True,True,False,True,THREE_DISTANCE_SEED
3,195,140,48,55,147,148,73,203,False,1*sqrt(24634),1*sqrt(24634)/195,24634,True,195:48:55,,28/39,16/65,-33/130,-1,1,True,12/35,21/20,55/48,55/147,65/16,True,True,True,False,True,THREE_DISTANCE_SEED
4,195,48,140,147,55,148,203,73,False,1*sqrt(24634),1*sqrt(24634)/195,24634,True,195:48:55,3,16/65,28/39,17/78,0,-1,True,35/12,55/48,21/20,147/55,39/28,True,True,True,False,True,THREE_DISTANCE_SEED
5,8400,1677,164,6723,8236,1685,6725,8405,False,5*sqrt(4521217),5*sqrt(4521217)/8400,4521217,True,8400:164:1677,,559/2800,41/2100,-1009/2100,0,-1,True,164/1677,8236/1677,6723/164,6723/8236,2100/41,True,True,True,False,True,THREE_DISTANCE_SEED
6,740,315,168,425,572,357,457,653,False,1*sqrt(507809),1*sqrt(507809)/740,507809,True,740:168:315,,63/148,42/185,-101/370,2,0,False,8/15,572/315,425/168,425/572,185/42,True,True,True,False,True,THREE_DISTANCE_SEED
7,700,396,297,304,403,495,425,565,False,5*sqrt(10193),5*sqrt(10193)/700,10193,True,700:297:304,,99/175,297/700,-53/700,2,0,False,3/4,403/396,304/297,304/403,700/297,True,True,True,False,True,THREE_DISTANCE_SEED
8,740,168,315,572,425,357,653,457,False,1*sqrt(507809),1*sqrt(507809)/740,507809,True,740:168:315,6,42/185,63/148,-11/148,1,0,False,15/8,425/168,572/315,572/425,148/63,True,True,True,False,True,THREE_DISTANCE_SEED
9,700,297,396,403,304,495,565,425,False,5*sqrt(10193),5*sqrt(10193)/700,10193,True,700:297:304,7,297/700,99/175,23/350,3,0,False,4/3,304/297,403/396,403/304,175/99,True,True,True,False,True,THREE_DISTANCE_SEED
10,10952,1155,396,9797,10556,1221,9805,10619,False,37*sqrt(151505),37*sqrt(151505)/10952,151505,True,10952:396:1155,,1155/10952,99/2738,-635/1369,1,0,False,12/35,1508/165,9797/396,9797/10556,2738/99,True,True,True,False,True,THREE_DISTANCE_SEED
11,867,780,416,87,451,884,425,901,False,17*sqrt(730),17*sqrt(730)/867,730,True,867:87:416,,260/289,416/867,-35/1734,0,-1,True,8/15,451/780,87/416,87/451,867/416,True,True,True,False,True,THREE_DISTANCE_SEED
12,996,765,520,231,476,925,569,901,False,7*sqrt(5713),7*sqrt(5713)/996,5713,True,996:231:476,,255/332,130/249,11/498,1,-1,True,104/153,28/45,231/520,33/68,249/130,True,True,True,False,True,THREE_DISTANCE_SEED
13,1443,960,644,483,799,1156,805,1249,False,1*sqrt(871690),1*sqrt(871690)/1443,871690,True,1443:483:644,,320/481,644/1443,-155/2886,0,-1,True,161/240,799/960,3/4,483/799,1443/644,True,True,True,False,True,THREE_DISTANCE_SEED
14,7800,2924,693,4876,7107,3005,4925,7685,False,115*sqrt(5617),115*sqrt(5617)/7800,5617,True,7800:693:2924,,731/1950,231/2600,-1069/2600,-1,0,True,693/2924,7107/2924,4876/693,212/309,2600/231,True,True,True,False,True,THREE_DISTANCE_SEED
15,6240,3080,711,3160,5529,3161,3239,6329,False,1*sqrt(40555441),1*sqrt(40555441)/6240,40555441,True,6240:711:3080,,77/156,237/2080,-803/2080,-1,0,True,711/3080,5529/3080,40/9,3160/5529,2080/237,True,True,True,False,True,THREE_DISTANCE_SEED
16,996,520,765,476,231,925,901,569,False,7*sqrt(5713),7*sqrt(5713)/996,5713,True,996:231:476,12,130/249,255/332,89/332,-1,0,True,153/104,231/520,28/45,68/33,332/255,True,True,True,False,True,THREE_DISTANCE_SEED
17,867,416,780,451,87,884,901,425,False,17*sqrt(730),17*sqrt(730)/867,730,True,867:87:416,11,416/867,260/289,231/578,-1,1,True,15/8,87/416,451/780,451/87,289/260,True,True,True,False,True,THREE_DISTANCE_SEED
18,12675,9588,784,3087,11891,9620,3185,15275,False,65*sqrt(35722),65*sqrt(35722)/12675,35722,True,12675:784:3087,,3196/4225,784/12675,-11107/25350,0,-1,True,196/2397,253/204,63/16,3087/11891,12675/784,True,True,True,False,True,THREE_DISTANCE_SEED
19,11184,3465,880,7719,10304,3575,7769,10871,False,1*sqrt(165755377),1*sqrt(165755377)/11184,165755377,True,11184:880:3465,,1155/3728,55/699,-589/1398,1,-1,True,16/63,1472/495,7719/880,7719/10304,699/55,True,True,True,False,True,THREE_DISTANCE_SEED
20,3364,945,900,2419,2464,1305,2581,2639,False,29*sqrt(14177),29*sqrt(14177)/3364,14177,True,3364:900:945,,945/3364,225/841,-391/1682,3,0,False,20/21,352/135,2419/900,2419/2464,841/225,True,True,True,False,True,THREE_DISTANCE_SEED
21,2145,2016,920,129,1225,2216,929,2359,False,1*sqrt(1517266),1*sqrt(1517266)/2145,1517266,True,2145:129:920,,672/715,184/429,-61/858,1,-1,True,115/252,175/288,129/920,129/1225,429/184,True,True,True,False,True,THREE_DISTANCE_SEED
22,3364,900,945,2464,2419,1305,2639,2581,False,29*sqrt(14177),29*sqrt(14177)/3364,14177,True,3364:900:945,20,225/841,945/3364,-737/3364,2,0,False,21/20,2419/900,352/135,2464/2419,3364/945,True,True,True,False,True,THREE_DISTANCE_SEED
23,1443,644,960,799,483,1156,1249,805,False,1*sqrt(871690),1*sqrt(871690)/1443,871690,True,1443:483:644,13,644/1443,320/481,159/962,-1,1,True,240/161,3/4,799/960,799/483,481/320,True,True,True,False,True,THREE_DISTANCE_SEED
24,10879,6864,1152,4015,9727,6960,4177,11905,False,1*sqrt(110734754),1*sqrt(110734754)/10879,110734754,True,10879:1152:4015,,624/989,1152/10879,-8575/21758,1,0,False,24/143,9727/6864,4015/1152,4015/9727,10879/1152,True,True,True,False,True,THREE_DISTANCE_SEED
25,10952,396,1155,10556,9797,1221,10619,9805,False,37*sqrt(151505),37*sqrt(151505)/10952,151505,True,10952:396:1155,10,99/2738,1155/10952,-4321/10952,2,0,False,35/12,9797/396,1508/165,10556/9797,10952/1155,True,True,True,False,True,THREE_DISTANCE_SEED
26,58956,51480,1157,7476,57799,51493,7565,77401,False,119*sqrt(239857),119*sqrt(239857)/58956,239857,True,58956:1157:7476,,4290/4913,1157/58956,-28321/58956,1,-1,True,89/3960,57799/51480,84/13,1068/8257,58956/1157,True,True,True,False,True,THREE_DISTANCE_SEED
27,13156,6837,1440,6319,11716,6987,6481,13565,False,1*sqrt(177194417),1*sqrt(177194417)/13156,177194417,True,13156:1440:6319,,6837/13156,360/3289,-2569/6578,1,0,False,480/2279,11716/6837,6319/1440,6319/11716,3289/360,True,True,True,False,True,THREE_DISTANCE_SEED
28,14355,8036,1440,6319,12915,8164,6481,15211,False,1*sqrt(206726986),1*sqrt(206726986)/14355,206726986,True,14355:1440:6319,,8036/14355,32/319,-255/638,-2,1,True,360/2009,45/28,6319/1440,6319/12915,319/32,True,True,True,False,True,THREE_DISTANCE_SEED
29,9165,5952,1540,3213,7625,6148,3563,9673,False,1*sqrt(68463994),1*sqrt(68463994)/9165,68463994,True,9165:1540:3213,,1984/3055,308/1833,-1217/3666,0,-1,True,385/1488,7625/5952,459/220,3213/7625,1833/308,True,True,True,False,True,THREE_DISTANCE_SEED
30,37635,35360,1596,2275,36039,35396,2779,50489,False,1*sqrt(1303985146),1*sqrt(1303985146)/37635,1303985146,True,37635:1596:2275,,544/579,532/12545,-11481/25090,-1,1,True,399/8840,36039/35360,325/228,2275/36039,12545/532,True,True,True,False,True,THREE_DISTANCE_SEED
31,8400,164,1677,8236,6723,1685,8405,6725,False,5*sqrt(4521217),5*sqrt(4521217)/8400,4521217,True,8400:164:1677,5,41/2100,559/2800,-841/2800,-1,0,True,1677/164,6723/164,8236/1677,8236/6723,2800/559,True,True,True,False,True,THREE_DISTANCE_SEED
32,20625,20128,1704,497,18921,20200,1775,27625,False,175*sqrt(11698),175*sqrt(11698)/20625,11698,True,20625:497:1704,,20128/20625,568/6875,-5739/13750,-1,1,True,213/2516,1113/1184,7/24,71/2703,6875/568,True,True,True,False,True,THREE_DISTANCE_SEED
33,2145,920,2016,1225,129,2216,2359,929,False,1*sqrt(1517266),1*sqrt(1517266)/2145,1517266,True,2145:129:920,21,184/429,672/715,629/1430,-1,0,True,252/115,129/920,175/288,1225/129,715/672,True,True,True,False,True,THREE_DISTANCE_SEED
34,70448,69696,2145,752,68303,69729,2273,97585,False,1*sqrt(4665865313),1*sqrt(4665865313)/70448,4665865313,True,70448:752:2145,,4356/4403,2145/70448,-33079/70448,2,0,False,65/2112,68303/69696,752/2145,752/68303,70448/2145,True,True,True,False,True,THREE_DISTANCE_SEED
35,81795,16284,2560,65511,79235,16484,65561,80891,False,1*sqrt(10569876346),1*sqrt(10569876346)/81795,10569876346,True,81795:2560:16284,,5428/27265,512/16359,-15335/32718,0,-1,True,640/4071,3445/708,65511/2560,65511/79235,16359/512,True,True,True,False,True,THREE_DISTANCE_SEED
36,40365,37488,2740,2877,37625,37588,3973,53113,False,7*sqrt(29059546),7*sqrt(29059546)/40365,29059546,True,40365:2740:2877,,12496/13455,548/8073,-6977/16146,-2,-3,True,685/9372,37625/37488,21/20,411/5375,8073/548,True,True,True,False,True,THREE_DISTANCE_SEED
37,90168,85239,2920,4929,87248,85289,5729,121975,False,17*sqrt(26423905),17*sqrt(26423905)/90168,26423905,True,90168:2920:4929,,28413/30056,365/11271,-10541/22542,2,-1,True,2920/85239,304/297,4929/2920,4929/87248,11271/365,True,True,True,False,True,THREE_DISTANCE_SEED
38,7800,693,2924,7107,4876,3005,7685,4925,False,115*sqrt(5617),115*sqrt(5617)/7800,5617,True,7800:693:2924,14,231/2600,731/1950,-122/975,1,-1,True,2924/693,4876/693,7107/2924,309/212,1950/731,True,True,True,False,True,THREE_DISTANCE_SEED
39,6240,711,3080,5529,3160,3161,6329,3239,False,1*sqrt(40555441),1*sqrt(40555441)/6240,40555441,True,6240:711:3080,15,237/2080,77/156,-1/156,1,-1,True,3080/711,40/9,5529/3080,5529/3160,156/77,True,True,True,False,True,THREE_DISTANCE_SEED
40,11492,7524,3135,3968,8357,8151,5057,11245,False,13*sqrt(506417),13*sqrt(506417)/11492,506417,True,11492:3135:3968,,1881/2873,3135/11492,-2611/11492,2,0,False,5/12,8357/7524,3968/3135,3968/8357,11492/3135,True,True,True,False,True,THREE_DISTANCE_SEED
41,26180,24528,3285,1652,22895,24747,3677,33553,False,1*sqrt(526910129),1*sqrt(526910129)/26180,526910129,True,26180:1652:3285,,876/935,657/5236,-1961/5236,1,0,False,15/112,22895/24528,1652/3285,1652/22895,5236/657,True,True,True,False,True,THREE_DISTANCE_SEED
42,6015,5600,3432,415,2583,6568,3457,6167,False,1*sqrt(6844114),1*sqrt(6844114)/6015,6844114,True,6015:415:2583,,1120/1203,1144/2005,283/4010,-1,0,True,429/700,369/800,415/3432,415/2583,2005/1144,True,True,True,False,True,THREE_DISTANCE_SEED
43,11184,880,3465,10304,7719,3575,10871,7769,False,1*sqrt(165755377),1*sqrt(165755377)/11184,165755377,True,11184:880:3465,19,55/699,1155/3728,-709/3728,-1,0,True,63/16,7719/880,1472/495,10304/7719,3728/1155,True,True,True,False,True,THREE_DISTANCE_SEED
44,11484,9867,3640,1617,7844,10517,3983,12605,False,5*sqrt(2565721),5*sqrt(2565721)/11484,2565721,True,11484:1617:3640,,299/348,910/2871,-1051/5742,-1,-2,True,280/759,7844/9867,231/520,1617/7844,2871/910,True,True,True,False,True,THREE_DISTANCE_SEED
45,48741,47940,3920,801,44821,48100,4001,65629,False,1*sqrt(2009563642),1*sqrt(2009563642)/48741,2009563642,True,48741:801:3920,,15980/16247,560/6963,-5843/13926,0,-1,True,196/2397,44821/47940,801/3920,801/44821,6963/560,True,True,True,False,True,THREE_DISTANCE_SEED
46,44944,42228,4365,2716,40579,42453,5141,58565,False,371*sqrt(12017),371*sqrt(12017)/44944,12017,True,44944:2716:4365,,10557/11236,4365/44944,-18107/44944,3,0,False,485/4692,2387/2484,28/45,388/5797,44944/4365,True,True,True,False,True,THREE_DISTANCE_SEED
47,21125,17388,4416,3737,16709,17940,5785,24115,False,65*sqrt(69386),65*sqrt(69386)/21125,69386,True,21125:3737:4416,,17388/21125,4416/21125,-12293/42250,3,0,False,16/63,2387/2484,3737/4416,3737/16709,21125/4416,True,True,True,False,True,THREE_DISTANCE_SEED
48,23069,21420,4560,1649,18509,21900,4849,28309,False,1*sqrt(345302282),1*sqrt(345302282)/23069,345302282,True,23069:1649:4560,,1260/1357,4560/23069,-13949/46138,2,0,False,76/357,18509/21420,1649/4560,1649/18509,23069/4560,True,True,True,False,True,THREE_DISTANCE_SEED
49,11997,11900,4704,97,7293,12796,4705,13957,False,1*sqrt(53197258),1*sqrt(53197258)/11997,53197258,True,11997:97:4704,,11900/11997,1568/3999,-863/7998,-2,-1,True,168/425,429/700,97/4704,97/7293,3999/1568,True,True,True,False,True,THREE_DISTANCE_SEED
50,20280,8772,4795,11508,15485,9997,12467,17797,False,13*sqrt(2202481),13*sqrt(2202481)/20280,2202481,True,20280:4795:8772,,731/1690,959/4056,-1069/4056,0,-1,True,4795/8772,15485/8772,12/5,11508/15485,4056/959,True,True,True,False,True,THREE_DISTANCE_SEED
51,12675,8288,4884,4387,7791,9620,6565,11375,False,65*sqrt(18922),65*sqrt(18922)/12675,18922,True,12675:4387:4884,,8288/12675,1628/4225,-969/8450,-1,1,True,33/56,1113/1184,4387/4884,4387/7791,4225/1628,True,True,True,False,True,THREE_DISTANCE_SEED
52,11352,6944,4935,4408,6417,8519,6617,9455,False,1*sqrt(60608353),1*sqrt(60608353)/11352,60608353,True,11352:4408:4935,,868/1419,1645/3784,-247/3784,-1,0,True,705/992,207/224,4408/4935,4408/6417,3784/1645,True,True,True,False,True,THREE_DISTANCE_SEED
53,30195,6080,4956,24115,25239,7844,24619,25961,False,1*sqrt(1218540346),1*sqrt(1218540346)/30195,1218540346,True,30195:4956:6080,,1216/6039,1652/10065,-6761/20130,-2,-1,True,1239/1520,25239/6080,3445/708,24115/25239,10065/1652,True,True,True,False,True,THREE_DISTANCE_SEED
54,14739,10780,5040,3959,9699,11900,6409,14501,False,17*sqrt(379738),17*sqrt(379738)/14739,379738,True,14739:3959:5040,,10780/14739,1680/4913,-1553/9826,-1,0,True,36/77,9699/10780,3959/5040,3959/9699,4913/1680,True,True,True,False,True,THREE_DISTANCE_SEED
55,21853,11220,5040,10633,16813,12300,11767,20213,False,41*sqrt(235418),41*sqrt(235418)/21853,235418,True,21853:5040:10633,,11220/21853,5040/21853,-11773/43706,1,0,False,84/187,989/660,1519/720,10633/16813,21853/5040,True,True,True,False,True,THREE_DISTANCE_SEED
56,6015,3432,5600,2583,415,6568,6167,3457,False,1*sqrt(6844114),1*sqrt(6844114)/6015,6844114,True,6015:415:2583,42,1144/2005,1120/1203,1037/2406,0,-1,True,700/429,415/3432,369/800,2583/415,1203/1120,True,True,True,False,True,THREE_DISTANCE_SEED
57,9165,1540,5952,7625,3213,6148,9673,3563,False,1*sqrt(68463994),1*sqrt(68463994)/9165,68463994,True,9165:1540:3213,29,308/1833,1984/3055,913/6110,-1,0,True,1488/385,459/220,7625/5952,7625/3213,3055/1984,True,True,True,False,True,THREE_DISTANCE_SEED
58,30195,4956,6080,25239,24115,7844,25961,24619,False,1*sqrt(1218540346),1*sqrt(1218540346)/30195,1218540346,True,30195:4956:6080,53,1652/10065,1216/6039,-3607/12078,-1,-2,True,1520/1239,3445/708,25239/6080,25239/24115,6039/1216,True,True,True,False,True,THREE_DISTANCE_SEED
59,13156,1440,6837,11716,6319,6987,13565,6481,False,1*sqrt(177194417),1*sqrt(177194417)/13156,177194417,True,13156:1440:6319,27,360/3289,6837/13156,259/13156,2,0,False,2279/480,6319/1440,11716/6837,11716/6319,13156/6837,True,True,True,False,True,THREE_DISTANCE_SEED
60,49500,49383,6844,117,42656,49855,6845,65255,False,5*sqrt(72781921),5*sqrt(72781921)/49500,72781921,True,49500:117:6844,,5487/5500,1711/12375,-8953/24750,1,-2,True,116/837,1376/1593,117/6844,117/42656,12375/1711,True,True,True,False,True,THREE_DISTANCE_SEED
61,10879,1152,6864,9727,4015,6960,11905,4177,False,1*sqrt(110734754),1*sqrt(110734754)/10879,110734754,True,10879:1152:4015,24,1152/10879,624/989,259/1978,2,0,False,143/24,4015/1152,9727/6864,9727/4015,989/624,True,True,True,False,True,THREE_DISTANCE_SEED
62,11352,4935,6944,6417,4408,8519,9455,6617,False,1*sqrt(60608353),1*sqrt(60608353)/11352,60608353,True,11352:4408:4935,52,1645/3784,868/1419,317/2838,0,-1,True,992/705,4408/4935,207/224,6417/4408,1419/868,True,True,True,False,True,THREE_DISTANCE_SEED
63,9375,7896,7072,1479,2303,10600,7225,8225,False,25*sqrt(11986),25*sqrt(11986)/9375,11986,True,9375:1479:2303,,2632/3125,7072/9375,4769/18750,0,-1,True,884/987,7/24,87/416,1479/2303,9375/7072,True,True,True,False,True,THREE_DISTANCE_SEED
64,39988,19176,7245,20812,32743,20499,22037,37945,False,1*sqrt(1505243393),1*sqrt(1505243393)/39988,1505243393,True,39988:7245:19176,,4794/9997,7245/39988,-12749/39988,1,0,False,2415/6392,32743/19176,20812/7245,20812/32743,39988/7245,True,True,True,False,True,THREE_DISTANCE_SEED
65,11492,3135,7524,8357,3968,8151,11245,5057,False,13*sqrt(506417),13*sqrt(506417)/11492,506417,True,11492:3135:3968,40,3135/11492,1881/2873,889/5746,1,0,False,12/5,3968/3135,8357/7524,8357/3968,2873/1881,True,True,True,False,True,THREE_DISTANCE_SEED
66,21125,12768,7524,8357,13601,14820,11245,18655,False,65*sqrt(60314),65*sqrt(60314)/21125,60314,True,21125:7524:8357,,12768/21125,7524/21125,-6077/42250,1,0,False,33/56,1943/1824,8357/7524,8357/13601,21125/7524,True,True,True,False,True,THREE_DISTANCE_SEED
67,43700,35343,7524,8357,36176,36135,11245,50575,False,5*sqrt(55141697),5*sqrt(55141697)/43700,55141697,True,43700:7524:8357,,35343/43700,99/575,-377/1150,3,0,False,76/357,304/297,8357/7524,8357/36176,575/99,True,True,True,False,True,THREE_DISTANCE_SEED
68,9375,7072,7896,2303,1479,10600,8225,7225,False,25*sqrt(11986),25*sqrt(11986)/9375,11986,True,9375:1479:2303,63,7072/9375,2632/3125,2139/6250,-1,1,True,987/884,87/416,7/24,2303/1479,3125/2632,True,True,True,False,True,THREE_DISTANCE_SEED
69,31955,21840,7956,10115,23999,23244,12869,32449,False,1*sqrt(678265226),1*sqrt(678265226)/31955,678265226,True,31955:7956:10115,,624/913,7956/31955,-16043/63910,1,0,False,51/140,23999/21840,595/468,10115/23999,31955/7956,True,True,True,False,True,THREE_DISTANCE_SEED
70,21320,11025,7992,10295,13328,13617,13033,17297,False,1*sqrt(283622609),1*sqrt(283622609)/21320,283622609,True,21320:7992:10295,,2205/4264,999/2665,-667/5330,2,0,False,888/1225,272/225,10295/7992,10295/13328,2665/999,True,True,True,False,True,THREE_DISTANCE_SEED
71,20988,8619,8008,12369,12980,11765,14735,15581,False,1*sqrt(321472561),1*sqrt(321472561)/20988,321472561,True,20988:8008:8619,,2873/6996,182/477,-113/954,-1,-2,True,616/663,12980/8619,1767/1144,12369/12980,477/182,True,True,True,False,True,THREE_DISTANCE_SEED
72,14355,1440,8036,12915,6319,8164,15211,6481,False,1*sqrt(206726986),1*sqrt(206726986)/14355,206726986,True,14355:1440:6319,28,32/319,8036/14355,1717/28710,0,-2,True,2009/360,6319/1440,45/28,12915/6319,14355/8036,True,True,True,False,True,THREE_DISTANCE_SEED
73,12675,4884,8288,7791,4387,9620,11375,6565,False,65*sqrt(18922),65*sqrt(18922)/12675,18922,True,12675:4387:4884,51,1628/4225,8288/12675,3901/25350,0,-1,True,56/33,4387/4884,1113/1184,7791/4387,12675/8288,True,True,True,False,True,THREE_DISTANCE_SEED
74,20988,8008,8619,12980,12369,11765,15581,14735,False,1*sqrt(321472561),1*sqrt(321472561)/20988,321472561,True,20988:8008:8619,71,182/477,2873/6996,-625/6996,-2,-1,True,663/616,1767/1144,12980/8619,12980/12369,6996/2873,True,True,True,False,True,THREE_DISTANCE_SEED
75,20280,4795,8772,15485,11508,9997,17797,12467,False,13*sqrt(2202481),13*sqrt(2202481)/20280,2202481,True,20280:4795:8772,50,959/4056,731/1690,-57/845,-1,1,True,8772/4795,12/5,15485/8772,15485/11508,1690/731,True,True,True,False,True,THREE_DISTANCE_SEED
76,26588,16605,8856,9983,17732,18819,13345,24293,False,17*sqrt(1432817),17*sqrt(1432817)/26588,1432817,True,26588:8856:9983,,16605/26588,2214/6647,-2219/13294,4,0,False,8/15,17732/16605,9983/8856,9983/17732,6647/2214,True,True,True,False,True,THREE_DISTANCE_SEED
77,28168,24288,9009,3880,19159,25905,9809,30935,False,1*sqrt(382121681),1*sqrt(382121681)/28168,382121681,True,28168:3880:9009,,3036/3521,1287/4024,-725/4024,1,0,False,273/736,833/1056,3880/9009,3880/19159,4024/1287,True,True,True,False,True,THREE_DISTANCE_SEED
78,12675,784,9588,11891,3087,9620,15275,3185,False,65*sqrt(35722),65*sqrt(35722)/12675,35722,True,12675:784:3087,18,784/12675,3196/4225,2167/8450,-1,0,True,2397/196,63/16,253/204,11891/3087,4225/3196,True,True,True,False,True,THREE_DISTANCE_SEED
79,11484,3640,9867,7844,1617,10517,12605,3983,False,5*sqrt(2565721),5*sqrt(2565721)/11484,2565721,True,11484:1617:3640,44,910/2871,299/348,125/348,-2,-1,True,759/280,231/520,7844/9867,7844/1617,348/299,True,True,True,False,True,THREE_DISTANCE_SEED
80,34500,26796,10153,7704,24347,28655,12745,36205,False,5*sqrt(26085121),5*sqrt(26085121)/34500,26085121,True,34500:7704:10153,,2233/2875,10153/34500,-7097/34500,0,-1,True,923/2436,24347/26796,7704/10153,7704/24347,34500/10153,True,True,True,False,True,THREE_DISTANCE_SEED
81,14739,5040,10780,9699,3959,11900,14501,6409,False,17*sqrt(379738),17*sqrt(379738)/14739,379738,True,14739:3959:5040,54,1680/4913,10780/14739,6821/29478,1,-1,True,77/36,3959/5040,9699/10780,9699/3959,14739/10780,True,True,True,False,True,THREE_DISTANCE_SEED
82,21320,7992,11025,13328,10295,13617,17297,13033,False,1*sqrt(283622609),1*sqrt(283622609)/21320,283622609,True,21320:7992:10295,70,999/2665,2205/4264,73/4264,3,0,False,1225/888,10295/7992,272/225,13328/10295,4264/2205,True,True,True,False,True,THREE_DISTANCE_SEED
83,21853,5040,11220,16813,10633,12300,20213,11767,False,41*sqrt(235418),41*sqrt(235418)/21853,235418,True,21853:5040:10633,55,5040/21853,11220/21853,587/43706,2,0,False,187/84,1519/720,989/660,16813/10633,21853/11220,True,True,True,False,True,THREE_DISTANCE_SEED
84,11997,4704,11900,7293,97,12796,13957,4705,False,1*sqrt(53197258),1*sqrt(53197258)/11997,53197258,True,11997:97:4704,49,1568/3999,11900/11997,11803/23994,-1,-2,True,425/168,97/4704,429/700,7293/97,11997/11900,True,True,True,False,True,THREE_DISTANCE_SEED
85,20415,18400,11928,2015,8487,21928,12097,20263,False,1*sqrt(76089394),1*sqrt(76089394)/20415,76089394,True,20415:2015:8487,,3680/4083,3976/6805,1147/13610,-1,0,True,1491/2300,369/800,2015/11928,2015/8487,6805/3976,True,True,True,False,True,THREE_DISTANCE_SEED
86,60401,23400,12480,37001,47921,26520,39049,53329,False,17*sqrt(12683378),17*sqrt(12683378)/60401,12683378,True,60401:12480:23400,,23400/60401,12480/60401,-35441/120802,2,0,False,8/15,47921/23400,37001/12480,37001/47921,60401/12480,True,True,True,False,True,THREE_DISTANCE_SEED
87,21125,7524,12768,13601,8357,14820,18655,11245,False,65*sqrt(60314),65*sqrt(60314)/21125,60314,True,21125:7524:8357,66,7524/21125,12768/21125,4411/42250,2,0,False,56/33,8357/7524,1943/1824,13601/8357,21125/12768,True,True,True,False,True,THREE_DISTANCE_SEED
88,22472,14805,13260,7667,9212,19875,15317,17437,False,53*sqrt(51137),53*sqrt(51137)/22472,51137,True,22472:7667:9212,,14805/22472,3315/5618,253/2809,2,0,False,884/987,28/45,451/780,7667/9212,5618/3315,True,True,True,False,True,THREE_DISTANCE_SEED
89,22472,13260,14805,9212,7667,19875,17437,15317,False,53*sqrt(51137),53*sqrt(51137)/22472,51137,True,22472:7667:9212,88,3315/5618,14805/22472,3569/22472,1,0,False,987/884,451/780,28/45,9212/7667,22472/14805,True,True,True,False,True,THREE_DISTANCE_SEED
90,57555,47600,14868,9955,42687,49868,17893,63937,False,1*sqrt(1921281994),1*sqrt(1921281994)/57555,1921281994,True,57555:9955:14868,,9520/11511,1652/6395,-3091/12790,-2,0,True,531/1700,2511/2800,9955/14868,9955/42687,6395/1652,True,True,True,False,True,THREE_DISTANCE_SEED
91,77500,53064,15477,24436,62023,55275,28925,81625,False,25*sqrt(7110353),25*sqrt(7110353)/77500,7110353,True,77500:15477:24436,,13266/19375,15477/77500,-23273/77500,2,0,False,7/24,62023/53064,24436/15477,24436/62023,77500/15477,True,True,True,False,True,THREE_DISTANCE_SEED
92,30303,26784,15640,3519,14663,31016,16031,30535,False,1*sqrt(227386930),1*sqrt(227386930)/30303,227386930,True,30303:3519:14663,,2976/3367,15640/30303,977/60606,1,-2,True,1955/3348,473/864,9/40,3519/14663,30303/15640,True,True,True,False,True,THREE_DISTANCE_SEED
93,81795,2560,16284,79235,65511,16484,80891,65561,False,1*sqrt(10569876346),1*sqrt(10569876346)/81795,10569876346,True,81795:2560:16284,35,512/16359,5428/27265,-16409/54530,-1,0,True,4071/640,65511/2560,3445/708,79235/65511,27265/5428,True,True,True,False,True,THREE_DISTANCE_SEED
94,26588,8856,16605,17732,9983,18819,24293,13345,False,17*sqrt(1432817),17*sqrt(1432817)/26588,1432817,True,26588:8856:9983,76,2214/6647,16605/26588,3311/26588,3,0,False,15/8,9983/8856,17732/16605,17732/9983,26588/16605,True,True,True,False,True,THREE_DISTANCE_SEED
95,63705,29920,16632,33785,47073,34232,37657,55777,False,1*sqrt(3357293554),1*sqrt(3357293554)/63705,3357293554,True,63705:16632:29920,,5984/12741,5544/21235,-10147/42470,-1,0,True,189/340,2769/1760,33785/16632,33785/47073,21235/5544,True,True,True,False,True,THREE_DISTANCE_SEED
96,21125,4416,17388,16709,3737,17940,24115,5785,False,65*sqrt(69386),65*sqrt(69386)/21125,69386,True,21125:3737:4416,47,4416/21125,17388/21125,13651/42250,1,0,False,63/16,3737/4416,2387/2484,16709/3737,21125/17388,True,True,True,False,True,THREE_DISTANCE_SEED
97,27189,17732,17424,9457,9765,24860,19825,20243,False,7*sqrt(3771226),7*sqrt(3771226)/27189,3771226,True,27189:9457:9765,,17732/27189,1936/3021,851/6042,-3,-1,True,396/403,315/572,9457/17424,1351/1395,3021/1936,True,True,True,False,True,THREE_DISTANCE_SEED
98,27189,17424,17732,9765,9457,24860,20243,19825,False,7*sqrt(3771226),7*sqrt(3771226)/27189,3771226,True,27189:9457:9765,97,1936/3021,17732/27189,8275/54378,-1,-3,True,403/396,9457/17424,315/572,1395/1351,27189/17732,True,True,True,False,True,THREE_DISTANCE_SEED
99,20415,11928,18400,8487,2015,21928,20263,12097,False,1*sqrt(76089394),1*sqrt(76089394)/20415,76089394,True,20415:2015:8487,85,3976/6805,3680/4083,3277/8166,0,-1,True,2300/1491,2015/11928,369/800,8487/2015,4083/3680,True,True,True,False,True,THREE_DISTANCE_SEED
100,39988,7245,19176,32743,20812,20499,37945,22037,False,1*sqrt(1505243393),1*sqrt(1505243393)/39988,1505243393,True,39988:7245:19176,64,7245/39988,4794/9997,-409/19994,2,0,False,6392/2415,20812/7245,32743/19176,32743/20812,9997/4794,True,True,True,False,True,THREE_DISTANCE_SEED
101,20625,1704,20128,18921,497,20200,27625,1775,False,175*sqrt(11698),175*sqrt(11698)/20625,11698,True,20625:497:1704,32,568/6875,20128/20625,19631/41250,0,-1,True,2516/213,7/24,1113/1184,2703/71,20625/20128,True,True,True,False,True,THREE_DISTANCE_SEED
102,23069,4560,21420,18509,1649,21900,28309,4849,False,1*sqrt(345302282),1*sqrt(345302282)/23069,345302282,True,23069:1649:4560,48,4560/23069,1260/1357,1163/2714,1,0,False,357/76,1649/4560,18509/21420,18509/1649,1357/1260,True,True,True,False,True,THREE_DISTANCE_SEED
103,31955,7956,21840,23999,10115,23244,32449,12869,False,1*sqrt(678265226),1*sqrt(678265226)/31955,678265226,True,31955:7956:10115,69,7956/31955,624/913,335/1826,2,0,False,140/51,595/468,23999/21840,23999/10115,913/624,True,True,True,False,True,THREE_DISTANCE_SEED
104,60401,12480,23400,47921,37001,26520,53329,39049,False,17*sqrt(12683378),17*sqrt(12683378)/60401,12683378,True,60401:12480:23400,86,12480/60401,23400/60401,-13601/120802,1,0,False,15/8,37001/12480,47921/23400,47921/37001,60401/23400,True,True,True,False,True,THREE_DISTANCE_SEED
105,67811,24180,23760,43631,44051,33900,49681,50251,False,7*sqrt(78452138),7*sqrt(78452138)/67811,78452138,True,67811:23760:24180,,24180/67811,23760/67811,-20291/135622,1,0,False,396/403,1421/780,43631/23760,6233/6293,67811/23760,True,True,True,False,True,THREE_DISTANCE_SEED
106,67811,23760,24180,44051,43631,33900,50251,49681,False,7*sqrt(78452138),7*sqrt(78452138)/67811,78452138,True,67811:23760:24180,105,23760/67811,24180/67811,-19451/135622,3,0,False,403/396,43631/23760,1421/780,6293/6233,67811/24180,True,True,True,False,True,THREE_DISTANCE_SEED
107,28168,9009,24288,19159,3880,25905,30935,9809,False,1*sqrt(382121681),1*sqrt(382121681)/28168,382121681,True,28168:3880:9009,77,1287/4024,3036/3521,2551/7042,2,0,False,736/273,3880/9009,833/1056,19159/3880,3521/3036,True,True,True,False,True,THREE_DISTANCE_SEED
108,26180,3285,24528,22895,1652,24747,33553,3677,False,1*sqrt(526910129),1*sqrt(526910129)/26180,526910129,True,26180:1652:3285,41,657/5236,876/935,817/1870,2,0,False,112/15,1652/3285,22895/24528,22895/1652,935/876,True,True,True,False,True,THREE_DISTANCE_SEED
109,87419,44880,24948,42539,62471,51348,49315,76921,False,1*sqrt(5712192362),1*sqrt(5712192362)/87419,5712192362,True,87419:24948:42539,,44880/87419,24948/87419,-37523/174838,1,0,False,189/340,62471/44880,6077/3564,42539/62471,87419/24948,True,True,True,False,True,THREE_DISTANCE_SEED
110,40680,33488,25575,7192,15105,42137,26567,36737,False,1*sqrt(279885889),1*sqrt(279885889)/40680,279885889,True,40680:7192:15105,,4186/5085,1705/2712,349/2712,-2,-1,True,25575/33488,15105/33488,232/825,7192/15105,2712/1705,True,True,True,False,True,THREE_DISTANCE_SEED
111,30303,15640,26784,14663,3519,31016,30535,16031,False,1*sqrt(227386930),1*sqrt(227386930)/30303,227386930,True,30303:3519:14663,92,15640/30303,2976/3367,2585/6734,-2,0,True,3348/1955,9/40,473/864,14663/3519,3367/2976,True,True,True,False,True,THREE_DISTANCE_SEED
112,34500,10153,26796,24347,7704,28655,36205,12745,False,5*sqrt(26085121),5*sqrt(26085121)/34500,26085121,True,34500:7704:10153,80,10153/34500,2233/2875,1591/5750,-1,0,True,2436/923,7704/10153,24347/26796,24347/7704,2875/2233,True,True,True,False,True,THREE_DISTANCE_SEED
113,63705,16632,29920,47073,33785,34232,55777,37657,False,1*sqrt(3357293554),1*sqrt(3357293554)/63705,3357293554,True,63705:16632:29920,95,5544/21235,5984/12741,-773/25482,2,-1,True,340/189,33785/16632,2769/1760,47073/33785,12741/5984,True,True,True,False,True,THREE_DISTANCE_SEED
114,45976,37191,30888,8785,15088,48345,32113,40135,False,1*sqrt(304823969),1*sqrt(304823969)/45976,304823969,True,45976:8785:15088,,5313/6568,3861/5747,1975/11494,1,0,False,936/1127,656/1617,8785/30888,8785/15088,5747/3861,True,True,True,False,True,THREE_DISTANCE_SEED
115,75213,67744,32508,7469,42705,75140,33355,80081,False,1*sqrt(1879502986),1*sqrt(1879502986)/75213,1879502986,True,75213:7469:32508,,67744/75213,3612/8357,-1133/16714,-2,0,True,8127/16936,585/928,1067/4644,7469/42705,8357/3612,True,True,True,False,True,THREE_DISTANCE_SEED
116,40680,25575,33488,15105,7192,42137,36737,26567,False,1*sqrt(279885889),1*sqrt(279885889)/40680,279885889,True,40680:7192:15105,110,1705/2712,4186/5085,3287/10170,-1,-2,True,33488/25575,232/825,15105/33488,15105/7192,5085/4186,True,True,True,False,True,THREE_DISTANCE_SEED
117,85709,74400,33660,11309,52049,81660,35509,90799,False,1*sqrt(2836991882),1*sqrt(2836991882)/85709,2836991882,True,85709:11309:33660,,74400/85709,33660/85709,-18389/171418,1,0,False,561/1240,1679/2400,11309/33660,11309/52049,85709/33660,True,True,True,False,True,THREE_DISTANCE_SEED
118,43700,7524,35343,36176,8357,36135,50575,11245,False,5*sqrt(55141697),5*sqrt(55141697)/43700,55141697,True,43700:7524:8357,67,99/575,35343/43700,13493/43700,2,0,False,357/76,8357/7524,304/297,36176/8357,43700/35343,True,True,True,False,True,THREE_DISTANCE_SEED
119,37635,1596,35360,36039,2275,35396,50489,2779,False,1*sqrt(1303985146),1*sqrt(1303985146)/37635,1303985146,True,37635:1596:2275,30,532/12545,544/579,509/1158,0,-1,True,8840/399,325/228,36039/35360,36039/2275,579/544,True,True,True,False,True,THREE_DISTANCE_SEED
120,45976,30888,37191,15088,8785,48345,40135,32113,False,1*sqrt(304823969),1*sqrt(304823969)/45976,304823969,True,45976:8785:15088,114,3861/5747,5313/6568,2029/6568,3,0,False,1127/936,8785/30888,656/1617,15088/8785,6568/5313,True,True,True,False,True,THREE_DISTANCE_SEED
121,40365,2740,37488,37625,2877,37588,53113,3973,False,7*sqrt(29059546),7*sqrt(29059546)/40365,29059546,True,40365:2740:2877,36,548/8073,12496/13455,11537/26910,-3,-2,True,9372/685,21/20,37625/37488,5375/411,13455/12496,True,True,True,False,True,THREE_DISTANCE_SEED
122,60255,42504,40480,17751,19775,58696,44201,46879,False,1*sqrt(706148626),1*sqrt(706148626)/60255,706148626,True,60255:17751:19775,,14168/20085,8096/12051,4141/24102,-1,-2,True,20/21,2825/6072,17751/40480,17751/19775,12051/8096,True,True,True,False,True,THREE_DISTANCE_SEED
123,44944,4365,42228,40579,2716,42453,58565,5141,False,371*sqrt(12017),371*sqrt(12017)/44944,12017,True,44944:2716:4365,46,4365/44944,10557/11236,4939/11236,2,0,False,4692/485,28/45,2387/2484,5797/388,11236/10557,True,True,True,False,True,THREE_DISTANCE_SEED
124,60255,40480,42504,19775,17751,58696,46879,44201,False,1*sqrt(706148626),1*sqrt(706148626)/60255,706148626,True,60255:17751:19775,122,8096/12051,14168/20085,8251/40170,-2,-1,True,21/20,17751/40480,2825/6072,19775/17751,20085/14168,True,True,True,False,True,THREE_DISTANCE_SEED
125,87419,24948,44880,62471,42539,51348,76921,49315,False,1*sqrt(5712192362),1*sqrt(5712192362)/87419,5712192362,True,87419:24948:42539,109,24948/87419,44880/87419,2341/174838,4,0,False,340/189,6077/3564,62471/44880,62471/42539,87419/44880,True,True,True,False,True,THREE_DISTANCE_SEED
126,57555,14868,47600,42687,9955,49868,63937,17893,False,1*sqrt(1921281994),1*sqrt(1921281994)/57555,1921281994,True,57555:9955:14868,90,1652/6395,9520/11511,7529/23022,0,-2,True,1700/531,9955/14868,2511/2800,42687/9955,11511/9520,True,True,True,False,True,THREE_DISTANCE_SEED
127,48741,3920,47940,44821,801,48100,65629,4001,False,1*sqrt(2009563642),1*sqrt(2009563642)/48741,2009563642,True,48741:801:3920,45,560/6963,15980/16247,15713/32494,-1,0,True,2397/196,801/3920,44821/47940,44821/801,16247/15980,True,True,True,False,True,THREE_DISTANCE_SEED
128,49500,6844,49383,42656,117,49855,65255,6845,False,5*sqrt(72781921),5*sqrt(72781921)/49500,72781921,True,49500:117:6844,60,1711/12375,5487/5500,2737/5500,-2,0,True,837/116,117/6844,1376/1593,42656/117,5500/5487,True,True,True,False,True,THREE_DISTANCE_SEED
129,58956,1157,51480,57799,7476,51493,77401,7565,False,119*sqrt(239857),119*sqrt(239857)/58956,239857,True,58956:1157:7476,26,1157/58956,4290/4913,3667/9826,-1,0,True,3960/89,84/13,57799/51480,8257/1068,4913/4290,True,True,True,False,True,THREE_DISTANCE_SEED
130,77500,15477,53064,62023,24436,55275,81625,28925,False,25*sqrt(7110353),25*sqrt(7110353)/77500,7110353,True,77500:15477:24436,91,15477/77500,13266/19375,7157/38750,1,0,False,24/7,24436/15477,62023/53064,62023/24436,19375/13266,True,True,True,False,True,THREE_DISTANCE_SEED
131,75213,32508,67744,42705,7469,75140,80081,33355,False,1*sqrt(1879502986),1*sqrt(1879502986)/75213,1879502986,True,75213:7469:32508,115,3612/8357,67744/75213,60275/150426,1,-2,True,16936/8127,1067/4644,585/928,42705/7469,75213/67744,True,True,True,False,True,THREE_DISTANCE_SEED
132,70448,2145,69696,68303,752,69729,97585,2273,False,1*sqrt(4665865313),1*sqrt(4665865313)/70448,4665865313,True,70448:752:2145,34,2145/70448,4356/4403,4309/8806,1,0,False,2112/65,752/2145,68303/69696,68303/752,4403/4356,True,True,True,False,True,THREE_DISTANCE_SEED
133,85709,33660,74400,52049,11309,81660,90799,35509,False,1*sqrt(2836991882),1*sqrt(2836991882)/85709,2836991882,True,85709:11309:33660,117,33660/85709,74400/85709,63091/171418,2,0,False,1240/561,11309/33660,1679/2400,52049/11309,85709/74400,True,True,True,False,True,THREE_DISTANCE_SEED
134,90168,2920,85239,87248,4929,85289,121975,5729,False,17*sqrt(26423905),17*sqrt(26423905)/90168,26423905,True,90168:2920:4929,37,365/11271,28413/30056,13385/30056,-1,0,True,85239/2920,4929/2920,304/297,87248/4929,30056/28413,True,True,True,False,True,THREE_DISTANCE_SEED
