category,A,D,B,C,defect_B,defect_C,score,B_in_S,C_in_S,one_sided,both_small,x,y,N,p,q,r,s,v3_x,v3_yc,mcc_live,love_relation_ok,four_distance_ok,point_in_unit,height,distance_to_D0,distance_to_A0,notes
closest_730,-285/68,437/84,-21/17,23/15,730,754,550420,False,False,False,True,-68/369,95/123,369,-68,285,437,84,-2,-1,True,True,False,False,437,15/812,825/136,algebraic_but_failed:(1-x)^2+y^2;x^2+(1-y)^2
closest_730,3/4,437/84,-21/353,-437/1059,5002,52498,262594996,False,False,False,False,1412/975,353/325,975,1412,1059,-437,-84,-1,1,True,True,False,False,1059,15/812,9/8,algebraic_but_failed:(1-x)^2+y^2;x^2+(1-y)^2
closest_730,-3/4,437/84,-147/353,3059/1059,146218,10478962,1532212865716,False,False,False,False,-1412/1647,353/549,1647,-1412,1059,3059,588,-3,-2,True,True,False,False,3059,15/812,21/8,algebraic_but_failed:(1-x)^2+y^2;x^2+(1-y)^2
closest_730,171/140,437/84,93/1765,713/3177,3123874,10601698,33118368738052,False,False,False,False,49420/62967,20121/20989,62967,49420,60363,13547,2604,-1,0,True,True,False,True,3177,15/812,183/280,algebraic_but_failed:(1-x)^2+y^2;x^2+(1-y)^2
closest_730,207/224,437/84,-51/2824,-323/3177,7977577,10197658,81352601914666,False,False,False,False,79072/71643,24357/23881,71643,79072,73071,-7429,-1428,-1,0,True,True,False,False,3177,15/812,213/224,algebraic_but_failed:(1-x)^2+y^2;x^2+(1-y)^2
closest_730,12/5,437/84,588/1765,3059/4236,3460969,27301177,94488527260513,False,False,False,False,1765/4824,353/402,4824,1765,4236,3059,588,-2,-1,True,True,False,True,4236,15/812,21/40,algebraic_but_failed:(1-x)^2+y^2;x^2+(1-y)^2
closest_730,15/8,437/84,147/706,3059/5295,520045,37394506,19446825872770,False,False,False,False,2824/5883,1765/1961,5883,2824,5295,3059,588,-1,1,True,True,False,True,5295,15/812,0,algebraic_but_failed:(1-x)^2+y^2;x^2+(1-y)^2
closest_730,285/68,437/84,4557/6001,4991/5295,2271130,52947106,120249760849780,False,False,False,False,24004/118833,33535/39611,118833,24004,100605,94829,18228,-1,5,True,True,False,True,6001,15/812,315/136,algebraic_but_failed:(1-x)^2+y^2;x^2+(1-y)^2
closest_730,-171/140,437/84,-933/1765,7153/3177,3985714,61258738,244159809668932,False,False,False,False,-49420/86487,20121/28829,86487,-49420,60363,135907,26124,-1,0,True,True,False,False,7153,15/812,867/280,algebraic_but_failed:(1-x)^2+y^2;x^2+(1-y)^2
closest_730,21/20,437/84,21/1765,437/7413,3115666,55143538,171808846466308,False,False,False,False,7060/7497,353/357,7497,7060,7413,437,84,-2,-1,True,True,False,True,7413,15/812,33/40,algebraic_but_failed:(1-x)^2+y^2;x^2+(1-y)^2
closest_730,-12/5,437/84,-1428/1765,7429/4236,5154409,73133737,376961192196433,False,False,False,False,-1765/5664,353/472,5664,-1765,4236,7429,1428,-1,2,True,True,False,False,7429,15/812,171/40,algebraic_but_failed:(1-x)^2+y^2;x^2+(1-y)^2
closest_730,-207/224,437/84,-1293/2824,8189/3177,385873,3086122,1190851154506,False,False,False,False,-79072/109275,24357/36425,109275,-79072,73071,188347,36204,-1,0,True,True,False,False,8189,15/812,627/224,algebraic_but_failed:(1-x)^2+y^2;x^2+(1-y)^2
closest_730,399/40,437/84,7539/3530,8257/7413,69297421,123130618,8532634273536178,False,False,False,False,14120/171003,6707/8143,171003,14120,140847,156883,30156,-1,1,True,True,False,True,8257,15/812,81/10,algebraic_but_failed:(1-x)^2+y^2;x^2+(1-y)^2
closest_730,24/7,437/84,204/353,7429/8472,6649,5078593,33767564857,False,False,False,False,2471/9900,706/825,9900,2471,8472,7429,1428,-2,-1,True,True,False,True,8472,15/812,87/56,algebraic_but_failed:(1-x)^2+y^2;x^2+(1-y)^2
closest_730,483/44,437/84,9219/3883,8341/7413,4002706,4980994,19937454569764,False,False,False,False,15532/207375,8119/9875,207375,15532,170499,191843,36876,-1,2,True,True,False,True,9219,15/812,801/88,algebraic_but_failed:(1-x)^2+y^2;x^2+(1-y)^2
closest_730,12/35,437/84,-276/1765,-10051/4236,3191401,118966297,379669159212097,False,False,False,False,12355/2304,353/192,2304,12355,4236,-10051,-1932,-2,-1,True,True,False,False,10051,15/812,429/280,algebraic_but_failed:(1-x)^2+y^2;x^2+(1-y)^2
closest_730,-15/8,437/84,-483/706,10051/5295,29269,129059626,3777446193394,False,False,False,False,-2824/7227,1765/2409,7227,-2824,5295,10051,1932,-2,-1,True,True,False,False,10051,15/812,15/4,algebraic_but_failed:(1-x)^2+y^2;x^2+(1-y)^2
closest_730,-399/40,437/84,-9219/3530,10097/7413,97450861,156901978,15290232848703058,False,False,False,False,-14120/177723,6707/8463,177723,-14120,140847,191843,36876,-2,-1,True,True,False,False,10097,15/812,237/20,algebraic_but_failed:(1-x)^2+y^2;x^2+(1-y)^2
closest_730,621/100,437/84,10941/8825,9899/9531,197586106,188830162,37310216404929172,False,False,False,False,35300/262977,73071/87659,262977,35300,219213,227677,43764,-1,0,True,True,False,True,10941,15/812,867/200,algebraic_but_failed:(1-x)^2+y^2;x^2+(1-y)^2
closest_730,456/217,437/84,2868/10943,5497/8472,127974673,101991793,13052366357858689,False,False,False,False,76601/181044,13414/15087,181044,76601,160968,104443,20076,-2,-1,True,True,False,True,10943,15/812,393/1736,algebraic_but_failed:(1-x)^2+y^2;x^2+(1-y)^2
closest_730,-483/44,437/84,-11067/3883,10013/7413,137556178,155212738,21350471016195364,False,False,False,False,-15532/214767,8119/10227,214767,-15532,170499,230299,44268,-2,-1,True,True,False,False,11067,15/812,1131/88,algebraic_but_failed:(1-x)^2+y^2;x^2+(1-y)^2
closest_730,627/364,437/84,789/4589,6049/11649,21681442,172289602,3735487012966084,False,False,False,False,128492/243423,73777/81141,243423,128492,221331,114931,22092,-2,-1,True,True,False,True,11649,15/812,111/728,algebraic_but_failed:(1-x)^2+y^2;x^2+(1-y)^2
closest_730,759/280,437/84,1437/3530,9101/11649,14525869,218527402,3174300414362338,False,False,False,False,98840/308163,89309/102721,308163,98840,267927,209323,40236,-1,4,True,True,False,True,11649,15/812,117/140,algebraic_but_failed:(1-x)^2+y^2;x^2+(1-y)^2
closest_730,33/56,437/84,-69/706,-10051/11649,503197,236721802,119117700600994,False,False,False,False,19768/9717,3883/3239,9717,19768,11649,-10051,-1932,-1,2,True,True,False,False,11649,15/812,9/7,algebraic_but_failed:(1-x)^2+y^2;x^2+(1-y)^2
closest_730,345/152,437/84,4053/13414,3667/5295,196362205,41483914,8145872825070370,False,False,False,False,2824/7263,40595/45999,137997,53656,121785,84341,16212,-3,-2,True,True,False,True,13414,15/812,15/38,algebraic_but_failed:(1-x)^2+y^2;x^2+(1-y)^2
closest_730,-345/152,437/84,-10437/13414,9443/5295,288866365,117207274,33857239191939010,False,False,False,False,-2824/8607,40595/54511,163533,-53656,121785,217189,41748,-1,1,True,True,False,False,13414,15/812,315/76,algebraic_but_failed:(1-x)^2+y^2;x^2+(1-y)^2
closest_730,9/40,437/84,-651/3530,-13547/3177,12884701,193614538,2494665431383138,False,False,False,False,14120/573,1059/191,573,14120,3177,-13547,-2604,-1,0,True,True,False,False,13547,15/812,33/20,algebraic_but_failed:(1-x)^2+y^2;x^2+(1-y)^2
closest_730,-24/7,437/84,-372/353,13547/8472,262993,255295993,67141059087049,False,False,False,False,-2471/11076,706/923,11076,-2471,8472,13547,2604,-1,1,True,True,False,False,13547,15/812,297/56,algebraic_but_failed:(1-x)^2+y^2;x^2+(1-y)^2
closest_730,-621/100,437/84,-15141/8825,13699/9531,307130506,278502562,85536632789356372,False,False,False,False,-35300/279777,73071/93259,279777,-35300,219213,315077,60564,-1,0,True,True,False,False,15141,15/812,1617/200,algebraic_but_failed:(1-x)^2+y^2;x^2+(1-y)^2
closest_730,-456/217,437/84,-8076/10943,15479/8472,7398841,12454969,92152335290929,False,False,False,False,-76601/217500,13414/18125,217500,-76601,160968,294101,56532,-1,2,True,True,False,False,15479,15/812,6903/1736,algebraic_but_failed:(1-x)^2+y^2;x^2+(1-y)^2
closest_730,57/176,437/84,-2499/15532,-2737/1059,9899521,344506,3410444381626,False,False,False,False,62128/10125,6707/3375,10125,62128,20121,-52003,-9996,-4,-3,True,True,False,False,15532,15/812,273/176,algebraic_but_failed:(1-x)^2+y^2;x^2+(1-y)^2
closest_730,-57/176,437/84,-4893/15532,5359/1059,265184473,35482,9409275470986,False,False,False,False,-62128/39693,6707/13231,39693,-62128,20121,101821,19572,-1,1,True,True,False,False,15532,15/812,387/176,algebraic_but_failed:(1-x)^2+y^2;x^2+(1-y)^2
closest_730,45/28,437/84,51/353,7429/15885,127210,307523266,39120034667860,False,False,False,False,9884/17313,5295/5771,17313,9884,15885,7429,1428,-1,0,True,True,False,True,15885,15/812,15/56,algebraic_but_failed:(1-x)^2+y^2;x^2+(1-y)^2
closest_730,513/184,437/84,6909/16238,7567/9531,12456277,5923978,73790710909906,False,False,False,False,2824/9075,60363/69575,208725,64952,181089,143773,27636,-1,0,True,True,False,True,16238,15/812,21/23,algebraic_but_failed:(1-x)^2+y^2;x^2+(1-y)^2
closest_730,-513/184,437/84,-14637/16238,16031/9531,477914413,347832922,166234366739704786,False,False,False,False,-2824/10419,60363/79879,239637,-64952,181089,304589,58548,-1,0,True,True,False,False,16238,15/812,429/92,algebraic_but_failed:(1-x)^2+y^2;x^2+(1-y)^2
closest_730,39/80,437/84,-861/7060,-17917/13767,50584921,510549178,25826089835744938,False,False,False,False,28240/10323,4589/3441,10323,28240,13767,-17917,-3444,-2,-1,True,True,False,False,17917,15/812,111/80,algebraic_but_failed:(1-x)^2+y^2;x^2+(1-y)^2
closest_730,36/77,437/84,-492/3883,-17917/12708,15319753,482512153,7391967003458209,False,False,False,False,27181/9264,1059/772,9264,27181,12708,-17917,-3444,-1,0,True,True,False,False,17917,15/812,867/616,algebraic_but_failed:(1-x)^2+y^2;x^2+(1-y)^2
closest_730,-21/20,437/84,-861/1765,17917/7413,3856546,375971458,1449951222464068,False,False,False,False,-7060/10857,353/517,10857,-7060,7413,17917,3444,-1,3,True,True,False,False,17917,15/812,117/40,algebraic_but_failed:(1-x)^2+y^2;x^2+(1-y)^2
closest_730,552/385,437/84,2004/19415,3173/8472,380958241,81842713,31178655983147833,False,False,False,False,135905/208884,16238/17407,208884,135905,194856,72979,14028,-1,1,True,True,False,True,19415,15/812,1359/3080,algebraic_but_failed:(1-x)^2+y^2;x^2+(1-y)^2
closest_730,48/55,437/84,-588/19415,-3059/16944,377287969,296456617,111849514924540873,False,False,False,False,19415/16356,1412/1363,16356,19415,16944,-3059,-588,-1,1,True,True,False,False,19415,15/812,441/440,algebraic_but_failed:(1-x)^2+y^2;x^2+(1-y)^2
closest_730,-552/385,437/84,-11244/19415,17803/8472,503369761,388721593,195670695363949273,False,False,False,False,-135905/273564,16238/22797,273564,-135905,194856,409469,78708,-3,-2,True,True,False,False,19415,15/812,10191/3080,algebraic_but_failed:(1-x)^2+y^2;x^2+(1-y)^2
closest_730,-759/280,437/84,-3117/3530,19741/11649,22176589,525406282,11651719173932098,False,False,False,False,-98840/355203,89309/118401,355203,-98840,267927,454043,87276,-2,-1,True,True,False,False,19741,15/812,321/70,algebraic_but_failed:(1-x)^2+y^2;x^2+(1-y)^2
closest_730,-12/35,437/84,-564/1765,20539/4236,3433321,439794217,1509954720904657,False,False,False,False,-12355/8184,353/682,8184,-12355,4236,20539,3948,-1,1,True,True,False,False,20539,15/812,621/280,algebraic_but_failed:(1-x)^2+y^2;x^2+(1-y)^2
closest_730,60/91,437/84,-372/4589,-13547/21180,21197305,632113609,13399104964623745,False,False,False,False,32123/18576,1765/1548,18576,32123,21180,-13547,-2604,-3,-2,True,True,False,False,21180,15/812,885/728,algebraic_but_failed:(1-x)^2+y^2;x^2+(1-y)^2
closest_730,-9/40,437/84,-1029/3530,21413/3177,13519741,468609898,6335484450996418,False,False,False,False,-14120/7293,1059/2431,7293,-14120,3177,21413,4116,-1,0,True,True,False,False,21413,15/812,21/10,algebraic_but_failed:(1-x)^2+y^2;x^2+(1-y)^2
closest_730,60/11,437/84,4116/3883,21413/21180,32019145,907108969,29044853609211505,False,False,False,False,3883/25296,1765/2108,25296,3883,21180,21413,4116,-1,2,True,True,False,True,21413,15/812,315/88,algebraic_but_failed:(1-x)^2+y^2;x^2+(1-y)^2
closest_730,63/16,437/84,987/1412,20539/22239,2967913,916423642,2719865640599146,False,False,False,False,5648/26187,1059/1247,26187,5648,22239,20539,3948,-1,0,True,True,False,True,22239,15/812,33/16,algebraic_but_failed:(1-x)^2+y^2;x^2+(1-y)^2
closest_730,-627/364,437/84,-2973/4589,22793/11649,1195906,26208802,31343263564612,False,False,False,False,-128492/304575,73777/101525,304575,-128492,221331,433067,83244,-1,1,True,True,False,False,22793,15/812,2619/728,algebraic_but_failed:(1-x)^2+y^2;x^2+(1-y)^2
closest_730,69/260,437/84,-4011/22945,-3629/1059,542561146,14291122,7753807529945812,False,False,False,False,91780/8313,8119/2771,8313,91780,24357,-83467,-16044,-1,1,True,True,False,False,22945,15/812,837/520,algebraic_but_failed:(1-x)^2+y^2;x^2+(1-y)^2
closest_730,-69/260,437/84,-6909/22945,6251/1059,574207306,40196482,23081113639897492,False,False,False,False,-91780/51993,8119/17331,51993,-91780,24357,143773,27636,-2,-1,True,True,False,False,22945,15/812,1113/520,algebraic_but_failed:(1-x)^2+y^2;x^2+(1-y)^2
closest_730,72/65,437/84,588/22945,3059/25416,526818769,655330537,345240426790448953,False,False,False,False,22945/26004,2118/2167,26004,22945,25416,3059,588,-1,0,True,True,False,True,25416,15/812,399/520,algebraic_but_failed:(1-x)^2+y^2;x^2+(1-y)^2
closest_730,84/13,437/84,5964/4589,31027/29652,56628217,1841915833,104304409486859761,False,False,False,False,4589/35616,353/424,35616,4589,29652,31027,5964,-1,1,True,True,False,True,31027,15/812,477/104,algebraic_but_failed:(1-x)^2+y^2;x^2+(1-y)^2
closest_730,-60/11,437/84,-5964/3883,31027/21180,50646985,1411267129,71476425113456065,False,False,False,False,-3883/27144,1765/2262,27144,-3883,21180,31027,5964,-2,-1,True,True,False,False,31027,15/812,645/88,algebraic_but_failed:(1-x)^2+y^2;x^2+(1-y)^2
closest_730,-45/28,437/84,-219/353,31901/15885,172570,1270007026,219165112476820,False,False,False,False,-9884/22017,5295/7339,22017,-9884,15885,31901,6132,-1,0,True,True,False,False,31901,15/812,195/56,algebraic_but_failed:(1-x)^2+y^2;x^2+(1-y)^2
closest_730,-63/16,437/84,-1659/1412,34523/22239,189841,67456426,12805995368266,False,False,False,False,-5648/28875,1059/1375,28875,-5648,22239,34523,6636,-1,0,True,True,False,False,34523,15/812,93/16,algebraic_but_failed:(1-x)^2+y^2;x^2+(1-y)^2
closest_730,99/20,437/84,1659/1765,34523/34947,5867506,2413130338,14159056736997028,False,False,False,False,7060/41583,11649/13861,41583,7060,34947,34523,6636,-1,0,True,True,False,True,34947,15/812,123/40,algebraic_but_failed:(1-x)^2+y^2;x^2+(1-y)^2
closest_730,105/88,437/84,357/7766,7429/37065,60438205,1429004266,86366452774382530,False,False,False,False,31064/38493,1765/1833,38493,31064,37065,7429,1428,-2,-1,True,True,False,True,37065,15/812,15/22,algebraic_but_failed:(1-x)^2+y^2;x^2+(1-y)^2
closest_730,51/140,437/84,-267/1765,-38893/18003,11026,10868482,119835882532,False,False,False,False,49420/10527,6001/3509,10527,49420,18003,-38893,-7476,-1,1,True,True,False,False,38893,15/812,423/280,algebraic_but_failed:(1-x)^2+y^2;x^2+(1-y)^2
closest_730,-33/56,437/84,-267/706,38893/11649,22789,65934586,1502583280354,False,False,False,False,-19768/19125,3883/6375,19125,-19768,11649,38893,7476,-2,-1,True,True,False,False,38893,15/812,69/28,algebraic_but_failed:(1-x)^2+y^2;x^2+(1-y)^2
closest_730,117/44,437/84,1533/3883,31901/41301,17427778,2723446402,47463619288954756,False,False,False,False,15532/47433,13767/15811,47433,15532,41301,31901,6132,-1,0,True,True,False,True,41301,15/812,69/88,algebraic_but_failed:(1-x)^2+y^2;x^2+(1-y)^2
closest_730,120/119,437/84,12/6001,437/42360,36012145,1794560569,64625975422110505,False,False,False,False,42007/42444,3530/3537,42444,42007,42360,437,84,-4,-3,True,True,False,True,42360,15/812,825/952,algebraic_but_failed:(1-x)^2+y^2;x^2+(1-y)^2
closest_730,15/112,437/84,-291/1412,-42389/5295,83137,1824864346,151713747133402,False,False,False,False,-39536/2853,-1765/951,2853,-39536,-5295,42389,8148,-2,-1,True,True,False,False,42389,15/812,195/112,algebraic_but_failed:(1-x)^2+y^2;x^2+(1-y)^2
closest_730,-84/13,437/84,-8148/4589,42389/29652,3497953,107042737,374430463017361,False,False,False,False,-4589/37800,353/450,37800,-4589,29652,42389,8148,-3,-2,True,True,False,False,42389,15/812,867/104,algebraic_but_failed:(1-x)^2+y^2;x^2+(1-y)^2
closest_730,897/496,437/84,8421/43772,7619/13767,79476049,9903178,787065459983722,False,False,False,False,175088/350325,105547/116775,350325,175088,316641,175237,33684,-4,-3,True,True,False,True,43772,15/812,33/496,algebraic_but_failed:(1-x)^2+y^2;x^2+(1-y)^2
closest_730,-897/496,437/84,-29253/43772,26467/13767,2771725993,890032378,2466925876714201354,False,False,False,False,-175088/433653,105547/144551,433653,-175088,316641,608741,117012,-1,1,True,True,False,False,43772,15/812,1827/496,algebraic_but_failed:(1-x)^2+y^2;x^2+(1-y)^2
closest_730,105/208,437/84,-2163/18356,-45011/37065,341621305,3399804346,1161445597425191530,False,False,False,False,73424/28413,1765/1353,28413,73424,37065,-45011,-8652,-2,-1,True,True,False,False,45011,15/812,285/208,algebraic_but_failed:(1-x)^2+y^2;x^2+(1-y)^2
closest_730,-48/55,437/84,-8652/19415,45011/16944,451799329,2313089257,1045052174229708553,False,False,False,False,-19415/25596,1412/2133,25596,-19415,16944,45011,8652,-4,-3,True,True,False,False,45011,15/812,1209/440,algebraic_but_failed:(1-x)^2+y^2;x^2+(1-y)^2
closest_730,132/85,437/84,3948/30005,20539/46596,915886729,2593037737,2374928851114492273,False,False,False,False,30005/50544,3883/4212,50544,30005,46596,20539,3948,-5,-4,True,True,False,True,46596,15/812,219/680,algebraic_but_failed:(1-x)^2+y^2;x^2+(1-y)^2
closest_730,-36/77,437/84,-1356/3883,49381/12708,676657,103999057,70371689912449,False,False,False,False,-27181/22200,1059/1850,22200,-27181,12708,49381,9492,-1,0,True,True,False,False,49381,15/812,1443/616,algebraic_but_failed:(1-x)^2+y^2;x^2+(1-y)^2
closest_730,741/580,437/84,3381/51185,3703/13767,2631335386,203242498,534799176926434228,False,False,False,False,204740/275097,87191/91699,275097,204740,261573,70357,13524,-1,2,True,True,False,True,51185,15/812,693/1160,algebraic_but_failed:(1-x)^2+y^2;x^2+(1-y)^2
closest_730,-741/580,437/84,-27741/51185,30383/13767,3389467306,1112656978,3771314449723761268,False,False,False,False,-204740/372537,87191/124179,372537,-204740,261573,577277,110964,-2,-1,True,True,False,False,51185,15/812,3657/1160,algebraic_but_failed:(1-x)^2+y^2;x^2+(1-y)^2
closest_730,24/143,437/84,-9996/50479,-52003/8472,2648049457,2776086793,7351215124788521401,False,False,False,False,-50479/1524,-706/127,1524,-50479,-8472,52003,9996,-1,4,True,True,False,False,52003,15/812,1953/1144,algebraic_but_failed:(1-x)^2+y^2;x^2+(1-y)^2
closest_730,-39/80,437/84,-2499/7060,52003/13767,7081,365338,2586958378,False,False,False,False,-28240/23763,4589/7921,23763,-28240,13767,52003,9996,-1,1,True,True,False,False,52003,15/812,189/80,algebraic_but_failed:(1-x)^2+y^2;x^2+(1-y)^2
closest_730,-99/20,437/84,-2499/1765,52003/34947,9360226,3925604818,36744548283168868,False,False,False,False,-7060/44943,11649/14981,44943,-7060,34947,52003,9996,-1,0,True,True,False,False,52003,15/812,273/40,algebraic_but_failed:(1-x)^2+y^2;x^2+(1-y)^2
closest_730,153/104,437/84,1029/9178,21413/54009,3411781,135019546,460657121671426,False,False,False,False,36712/58125,18003/19375,58125,36712,54009,21413,4116,-1,0,True,True,False,True,54009,15/812,21/52,algebraic_but_failed:(1-x)^2+y^2;x^2+(1-y)^2
closest_730,684/37,437/84,54348/13061,14881/12708,124971793,15317497,1914255064362121,False,False,False,False,13061/295800,20121/24650,295800,13061,241452,282739,54348,-1,0,True,True,False,True,54348,15/812,4917/296,algebraic_but_failed:(1-x)^2+y^2;x^2+(1-y)^2
closest_730,156/133,437/84,276/6707,10051/55068,1802401,125340289,225913462233889,False,False,False,False,2471/3000,4589/4750,57000,46949,55068,10051,1932,-1,3,True,True,False,True,55068,15/812,747/1064,algebraic_but_failed:(1-x)^2+y^2;x^2+(1-y)^2
closest_730,-15/112,437/84,-381/1412,55499/5295,2138905,3108176026,6648093242891530,False,False,False,False,-39536/15963,1765/5321,15963,-39536,5295,55499,10668,-1,2,True,True,False,False,55499,15/812,225/112,algebraic_but_failed:(1-x)^2+y^2;x^2+(1-y)^2
closest_730,144/17,437/84,10668/6001,55499/50832,5992729,226561249,1357720167158521,False,False,False,False,6001/61500,4236/5125,61500,6001,50832,55499,10668,-1,0,True,True,False,True,55499,15/812,897/136,algebraic_but_failed:(1-x)^2+y^2;x^2+(1-y)^2
closest_730,165/52,437/84,2373/4589,49381/58245,1067602,5830963186,6225147959299972,False,False,False,False,18356/67737,19415/22579,67737,18356,58245,49381,9492,-1,1,True,True,False,True,58245,15/812,135/104,algebraic_but_failed:(1-x)^2+y^2;x^2+(1-y)^2
closest_730,168/95,437/84,6132/33535,31901/59304,1162197649,4534638217,5270145874862951833,False,False,False,False,1765/3444,706/779,65436,33535,59304,31901,6132,-1,1,True,True,False,True,59304,15/812,81/760,algebraic_but_failed:(1-x)^2+y^2;x^2+(1-y)^2
closest_730,-72/65,437/84,-11508/22945,59869/25416,658907089,4230270217,2787355034366868313,False,False,False,False,-22945/36924,2118/3077,36924,-22945,25416,59869,11508,-1,0,True,True,False,False,59869,15/812,1551/520,algebraic_but_failed:(1-x)^2+y^2;x^2+(1-y)^2
closest_730,-684/37,437/84,-60564/13061,16583/12708,3838587817,436489153,1675501944958449001,False,False,False,False,-13061/302016,20121/25168,302016,-13061,241452,315077,60564,-1,0,True,True,False,False,60564,15/812,6027/296,algebraic_but_failed:(1-x)^2+y^2;x^2+(1-y)^2
closest_730,-60/91,437/84,-1812/4589,65987/21180,24342265,4802876569,116912894204888785,False,False,False,False,-32123/33864,1765/2822,33864,-32123,21180,65987,12684,-1,1,True,True,False,False,65987,15/812,1845/728,algebraic_but_failed:(1-x)^2+y^2;x^2+(1-y)^2
closest_730,84/187,437/84,-8652/66011,-45011/29652,177292369,116209249,20603013054920881,False,False,False,False,66011/21000,353/250,21000,66011,29652,-45011,-8652,-1,1,True,True,False,False,66011,15/812,2133/1496,algebraic_but_failed:(1-x)^2+y^2;x^2+(1-y)^2
closest_730,189/340,437/84,-3171/30005,-65987/66717,910355266,8805442258,8016080729029230628,False,False,False,False,120020/54033,3177/2573,54033,120020,66717,-65987,-12684,-1,0,True,True,False,False,66717,15/812,897/680,algebraic_but_failed:(1-x)^2+y^2;x^2+(1-y)^2
closest_730,-117/44,437/84,-3381/3883,70357/41301,1060354,266235202,282303561381508,False,False,False,False,-15532/54825,13767/18275,54825,-15532,41301,70357,13524,-1,0,True,True,False,False,70357,15/812,399/88,algebraic_but_failed:(1-x)^2+y^2;x^2+(1-y)^2
closest_730,180/19,437/84,13524/6707,70357/63540,9115297,8987439049,81923176201032553,False,False,False,False,353/4056,5295/6422,77064,6707,63540,70357,13524,-1,0,True,True,False,True,70357,15/812,1155/152,algebraic_but_failed:(1-x)^2+y^2;x^2+(1-y)^2
closest_730,-144/17,437/84,-13524/6001,70357/50832,218910577,7533999673,1649272215534241321,False,False,False,False,-6001/64356,4236/5363,64356,-6001,50832,70357,13524,-1,0,True,True,False,False,70357,15/812,1407/136,algebraic_but_failed:(1-x)^2+y^2;x^2+(1-y)^2
closest_730,828/205,437/84,52332/72365,11837/12708,7975331449,301607833,2405422435789640017,False,False,False,False,72365/344616,24357/28718,344616,72365,292284,272251,52332,-1,0,True,True,False,True,72365,15/812,3549/1640,algebraic_but_failed:(1-x)^2+y^2;x^2+(1-y)^2
closest_730,-24/143,437/84,-14028/50479,72979/8472,109796569,215908369,23705998134585961,False,False,False,False,-50479/22500,706/1875,22500,-50479,8472,72979,14028,-2,-1,True,True,False,False,72979,15/812,2337/1144,algebraic_but_failed:(1-x)^2+y^2;x^2+(1-y)^2
closest_730,195/28,437/84,501/353,72979/68835,375610,10064191666,3780211031666260,False,False,False,False,9884/82863,22945/27621,82863,9884,68835,72979,14028,-5,-4,True,True,False,True,72979,15/812,285/56,algebraic_but_failed:(1-x)^2+y^2;x^2+(1-y)^2
closest_730,855/832,437/84,483/73424,529/15885,5391317065,252613066,1361917133567771290,False,False,False,False,293696/303747,100605/101249,303747,293696,301815,10051,1932,-1,0,True,True,False,True,73424,15/812,705/832,algebraic_but_failed:(1-x)^2+y^2;x^2+(1-y)^2
closest_730,-855/832,437/84,-35427/73424,38801/15885,6646156105,1757850826,11682950998899192730,False,False,False,False,-293696/443523,100605/147841,443523,-293696,301815,737219,141708,-1,0,True,True,False,False,73424,15/812,2415/832,algebraic_but_failed:(1-x)^2+y^2;x^2+(1-y)^2
closest_730,120/209,437/84,-7476/73777,-38893/42360,5498936305,3307035049,18185175092853553945,False,False,False,False,3883/1836,3530/2907,34884,73777,42360,-38893,-7476,-3,-2,True,True,False,False,73777,15/812,2175/1672,algebraic_but_failed:(1-x)^2+y^2;x^2+(1-y)^2
closest_730,912/215,437/84,58548/75895,16031/16944,9187919329,544092097,4999074294782442913,False,False,False,False,75895/380484,26828/31707,380484,75895,321936,304589,58548,-3,-2,True,True,False,True,75895,15/812,4071/1720,algebraic_but_failed:(1-x)^2+y^2;x^2+(1-y)^2
closest_730,60/221,437/84,-13524/78013,-70357/21180,6268926745,5398699849,33844053871623561505,False,False,False,False,78013/7656,1765/638,7656,78013,21180,-70357,-13524,-1,1,True,True,False,False,78013,15/812,2835/1768,algebraic_but_failed:(1-x)^2+y^2;x^2+(1-y)^2
closest_730,225/272,437/84,-987/24004,-20539/79425,577166185,6730181146,3884432976395748010,False,False,False,False,96016/75477,26475/25159,75477,96016,79425,-20539,-3948,-1,0,True,True,False,False,79425,15/812,285/272,algebraic_but_failed:(1-x)^2+y^2;x^2+(1-y)^2
closest_730,231/160,437/84,1491/14120,31027/81543,201597481,7611935578,1534547038059079018,False,False,False,False,56480/87507,3883/4167,87507,56480,81543,31027,5964,-3,-2,True,True,False,True,81543,15/812,69/160,algebraic_but_failed:(1-x)^2+y^2;x^2+(1-y)^2
closest_730,-51/140,437/84,-573/1765,83467/18003,3443554,7290848098,25106429131260292,False,False,False,False,-49420/34047,6001/11349,34047,-49420,18003,83467,16044,-3,-2,True,True,False,False,83467,15/812,627/280,algebraic_but_failed:(1-x)^2+y^2;x^2+(1-y)^2
closest_730,-105/88,437/84,-4053/7766,84341/37065,76737565,8487218506,651288481773377890,False,False,False,False,-31064/53277,1765/2537,53277,-31064,37065,84341,16212,-1,1,True,True,False,False,84341,15/812,135/44,algebraic_but_failed:(1-x)^2+y^2;x^2+(1-y)^2
closest_730,240/161,437/84,948/8119,34523/84720,66816865,8369315929,559211452570342585,False,False,False,False,2471/3972,7060/7613,91356,56833,84720,34523,6636,-1,3,True,True,False,True,84720,15/812,495/1288,algebraic_but_failed:(1-x)^2+y^2;x^2+(1-y)^2
closest_730,-828/205,437/84,-86772/72365,19627/12708,12766073209,546712393,6979370433305579137,False,False,False,False,-72365/379056,24357/31588,379056,-72365,292284,451421,86772,-1,0,True,True,False,False,86772,15/812,9699/1640,algebraic_but_failed:(1-x)^2+y^2;x^2+(1-y)^2
closest_730,21/220,437/84,-4179/19415,-86963/7413,394406266,7617515938,3004396017302067508,False,False,False,False,-77660/9303,-353/443,9303,-77660,-7413,86963,16716,-1,1,True,True,False,False,86963,15/812,783/440,algebraic_but_failed:(1-x)^2+y^2;x^2+(1-y)^2
closest_730,-180/19,437/84,-16716/6707,86963/63540,324408505,11599894969,3763104585050311345,False,False,False,False,-353/4224,5295/6688,80256,-6707,63540,86963,16716,-1,0,True,True,False,False,86963,15/812,1725/152,algebraic_but_failed:(1-x)^2+y^2;x^2+(1-y)^2
closest_730,96/247,437/84,-12684/87191,-65987/33888,7763154337,5502680713,42718159642252202281,False,False,False,False,4589/1116,2824/1767,21204,87191,33888,-65987,-12684,-2,-1,True,True,False,False,87191,15/812,2937/1976,algebraic_but_failed:(1-x)^2+y^2;x^2+(1-y)^2
closest_730,252/115,437/84,11508/40595,59869/88956,1780388089,11497467097,20469953473168207633,False,False,False,False,1765/4368,1059/1196,100464,40595,88956,59869,11508,-1,0,True,True,False,True,88956,15/812,291/920,algebraic_but_failed:(1-x)^2+y^2;x^2+(1-y)^2
closest_730,204/253,437/84,-4116/89309,-21413/72012,7993038937,5644244713,45114667760965390081,False,False,False,False,3883/2952,6001/5658,67896,89309,72012,-21413,-4116,-2,-1,True,True,False,False,89309,15/812,2163/2024,algebraic_but_failed:(1-x)^2+y^2;x^2+(1-y)^2
closest_730,261/380,437/84,-2499/33535,-52003/92133,1130841226,11192801698,12657281594541201748,False,False,False,False,7060/4323,30711/27379,82137,134140,92133,-52003,-9996,-1,0,True,True,False,False,92133,15/812,903/760,algebraic_but_failed:(1-x)^2+y^2;x^2+(1-y)^2
closest_730,-912/215,437/84,-94668/75895,25921/16944,14722081249,958997377,14118437301771883873,False,False,False,False,-75895/416604,26828/34717,416604,-75895,321936,492499,94668,-1,1,True,True,False,False,94668,15/812,10521/1720,algebraic_but_failed:(1-x)^2+y^2;x^2+(1-y)^2
closest_730,135/352,437/84,-4557/31064,-94829/47655,985738345,11263538266,11102901569171009770,False,False,False,False,124256/29427,15885/9809,29427,124256,47655,-94829,-18228,-1,0,True,True,False,False,94829,15/812,525/352,algebraic_but_failed:(1-x)^2+y^2;x^2+(1-y)^2
closest_730,-132/85,437/84,-18228/30005,94829/46596,1232560009,66057553,81419898120197977,False,False,False,False,-30005/64824,3883/5402,64824,-30005,46596,94829,18228,-1,1,True,True,False,False,94829,15/812,2331/680,algebraic_but_failed:(1-x)^2+y^2;x^2+(1-y)^2
closest_730,-165/52,437/84,-4557/4589,94829/58245,41825170,12385019266,518005536253725220,False,False,False,False,-18356/76473,19415/25491,76473,-18356,58245,94829,18228,-2,-1,True,True,False,False,94829,15/812,525/104,algebraic_but_failed:(1-x)^2+y^2;x^2+(1-y)^2
closest_730,273/136,437/84,2877/12002,59869/96369,152325133,12871281322,1960619639254065826,False,False,False,False,48008/107877,4589/5137,107877,48008,96369,59869,11508,-1,2,True,True,False,True,96369,15/812,9/68,algebraic_but_failed:(1-x)^2+y^2;x^2+(1-y)^2
closest_730,252/275,437/84,-1932/97075,-10051/88956,9427288249,8014192537,75552103129283597713,False,False,False,False,97075/87024,1059/1036,87024,97075,88956,-10051,-1932,-1,0,True,True,False,False,97075,15/812,2109/2200,algebraic_but_failed:(1-x)^2+y^2;x^2+(1-y)^2
closest_730,255/32,437/84,4683/2824,97451/90015,29905465,17599397626,526318169725426090,False,False,False,False,11296/108747,30005/36249,108747,11296,90015,97451,18732,-2,-1,True,True,False,True,97451,15/812,195/32,algebraic_but_failed:(1-x)^2+y^2;x^2+(1-y)^2
closest_730,-195/28,437/84,-669/353,97451/68835,572170,14234954626,8144813988358420,False,False,False,False,-9884/87567,22945/29189,87567,-9884,68835,97451,18732,-1,1,True,True,False,False,97451,15/812,495/56,algebraic_but_failed:(1-x)^2+y^2;x^2+(1-y)^2
closest_730,279/440,437/84,-3381/38830,-70357/98487,1806421,14649796618,26463700256484178,False,False,False,False,155320/84963,32829/28321,84963,155320,98487,-70357,-13524,-1,0,True,True,False,False,98487,15/812,273/220,algebraic_but_failed:(1-x)^2+y^2;x^2+(1-y)^2
closest_730,288/175,437/84,1356/8825,49381/101664,79719361,12774052057,1018339267364775577,False,False,False,False,61775/111156,8472/9263,111156,61775,101664,49381,9492,-1,0,True,True,False,True,101664,15/812,321/1400,algebraic_but_failed:(1-x)^2+y^2;x^2+(1-y)^2
closest_730,75/308,437/84,-699/3883,-101821/26475,15566290,11068441666,172294572821039140,False,False,False,False,108724/6903,8825/2301,6903,108724,26475,-101821,-19572,-2,-1,True,True,False,False,101821,15/812,1005/616,algebraic_but_failed:(1-x)^2+y^2;x^2+(1-y)^2
closest_730,-120/119,437/84,-2868/6001,104443/42360,1769497,12702709849,22477406969675953,False,False,False,False,-42007/62436,3530/5203,62436,-42007,42360,104443,20076,-1,1,True,True,False,False,104443,15/812,2745/952,algebraic_but_failed:(1-x)^2+y^2;x^2+(1-y)^2
closest_730,297/304,437/84,-147/26828,-3059/104841,719763193,11000992762,7918109676547009066,False,False,False,False,5648/5487,34947/34751,104253,107312,104841,-3059,-588,-1,0,True,True,False,False,104841,15/812,273/304,algebraic_but_failed:(1-x)^2+y^2;x^2+(1-y)^2
closest_730,-21/220,437/84,-5061/19415,105317/7413,402555946,11146623058,4487139389818602868,False,False,False,False,-77660/27657,353/1317,27657,-77660,7413,105317,20244,-2,-1,True,True,False,False,105317,15/812,867/440,algebraic_but_failed:(1-x)^2+y^2;x^2+(1-y)^2
closest_730,264/23,437/84,20244/8119,105317/93192,475737697,19776419353,9408388197902450041,False,False,False,False,353/4932,7766/9453,113436,8119,93192,105317,20244,-2,-1,True,True,False,True,105317,15/812,1767/184,algebraic_but_failed:(1-x)^2+y^2;x^2+(1-y)^2
closest_730,180/299,437/84,-9996/105547,-52003/63540,449603569,6741643609,3031067027532440521,False,False,False,False,4589/2328,5295/4462,53544,105547,63540,-52003,-9996,-1,0,True,True,False,False,105547,15/812,3045/2392,algebraic_but_failed:(1-x)^2+y^2;x^2+(1-y)^2
closest_730,315/572,437/84,-5397/50479,-112309/111195,103090282,24977639506,2574951900367880692,False,False,False,False,201916/89607,5295/4267,89607,201916,111195,-112309,-21588,-1,0,True,True,False,False,112309,15/812,1515/1144,algebraic_but_failed:(1-x)^2+y^2;x^2+(1-y)^2
closest_730,-153/104,437/84,-5397/9178,112309/54009,113363293,15530283562,1760564085812089666,False,False,False,False,-36712/75597,18003/25199,75597,-36712,54009,112309,21588,-1,0,True,True,False,False,112309,15/812,87/26,algebraic_but_failed:(1-x)^2+y^2;x^2+(1-y)^2
closest_730,228/325,437/84,-8148/114725,-2231/4236,13228215529,22921057,303204682148494153,False,False,False,False,114725/72336,6707/6028,72336,114725,80484,-42389,-8148,-1,1,True,True,False,False,114725,15/812,3051/2600,algebraic_but_failed:(1-x)^2+y^2;x^2+(1-y)^2
closest_730,-228/325,437/84,-46452/114725,12719/4236,15319613929,179716657,2753189801850515353,False,False,False,False,-114725/126936,6707/10578,126936,-114725,80484,241661,46452,-2,-1,True,True,False,False,114725,15/812,6699/2600,algebraic_but_failed:(1-x)^2+y^2;x^2+(1-y)^2
closest_730,-168/95,437/84,-22092/33535,114931/59304,1612652689,16726099177,26973388814269736953,False,False,False,False,-1765/4284,706/969,81396,-33535,59304,114931,22092,-2,-1,True,True,False,False,114931,15/812,2769/760,algebraic_but_failed:(1-x)^2+y^2;x^2+(1-y)^2
closest_730,-84/187,437/84,-22764/66011,118427/29652,4875651817,14904195433,72667667543829551761,False,False,False,False,-66011/52416,353/624,52416,-66011,29652,118427,22764,-2,-1,True,True,False,False,118427,15/812,3477/1496,algebraic_but_failed:(1-x)^2+y^2;x^2+(1-y)^2
closest_730,-60/221,437/84,-23604/78013,122797/21180,6643176985,15527695609,103153230099794358865,False,False,False,False,-78013/44784,1765/3732,44784,-78013,21180,122797,23604,-2,-1,True,True,False,False,122797,15/812,3795/1768,algebraic_but_failed:(1-x)^2+y^2;x^2+(1-y)^2
closest_730,351/280,437/84,213/3530,31027/123903,12506269,16314628138,204035128128797122,False,False,False,False,98840/129867,41301/43289,129867,98840,123903,31027,5964,-1,0,True,True,False,True,123903,15/812,87/140,algebraic_but_failed:(1-x)^2+y^2;x^2+(1-y)^2
closest_730,36/323,437/84,-24108/114019,-125419/12708,543261121,635656753,345327600206000113,False,False,False,False,-6001/600,-1059/950,11400,-114019,-12708,125419,24108,-1,0,True,True,False,False,125419,15/812,4557/2584,algebraic_but_failed:(1-x)^2+y^2;x^2+(1-y)^2
closest_730,-255/32,437/84,-6027/2824,125419/90015,44299705,23832625786,1055778291695193130,False,False,False,False,-11296/114123,30005/38041,114123,-11296,90015,125419,24108,-1,2,True,True,False,False,125419,15/812,315/32,algebraic_but_failed:(1-x)^2+y^2;x^2+(1-y)^2
closest_730,312/25,437/84,24108/8825,125419/110136,659076289,27859864057,18361775814732044473,False,False,False,False,8825/134244,9178/11187,134244,8825,110136,125419,24108,-3,-2,True,True,False,True,125419,15/812,2121/200,algebraic_but_failed:(1-x)^2+y^2;x^2+(1-y)^2
closest_730,-264/23,437/84,-24108/8119,125419/93192,25884553,976586977,25278517365266281,False,False,False,False,-353/5100,7766/9775,117300,-8119,93192,125419,24108,-1,1,True,True,False,False,125419,15/812,2457/184,algebraic_but_failed:(1-x)^2+y^2;x^2+(1-y)^2
closest_730,357/76,437/84,5901/6707,122797/126021,3192226,1238415826,3953303198568676,False,False,False,False,1412/7875,6001/7125,149625,26828,126021,122797,23604,-2,-1,True,True,False,True,126021,15/812,429/152,algebraic_but_failed:(1-x)^2+y^2;x^2+(1-y)^2
closest_730,231/520,437/84,-6069/45890,-126293/81543,2142724861,22599182698,48423830605285654978,False,False,False,False,183560/57267,3883/2727,57267,183560,81543,-126293,-24276,-4,-3,True,True,False,False,126293,15/812,93/65,algebraic_but_failed:(1-x)^2+y^2;x^2+(1-y)^2
closest_730,-156/133,437/84,-3468/6707,126293/55068,57010873,18982406473,1082203564666580929,False,False,False,False,-2471/4176,4589/6612,79344,-46949,55068,126293,24276,-2,-1,True,True,False,False,126293,15/812,3243/1064,algebraic_but_failed:(1-x)^2+y^2;x^2+(1-y)^2
closest_730,360/319,437/84,3444/112607,17917/127080,12692197585,16470345289,209044876701161927065,False,False,False,False,112607/130524,10590/10877,130524,112607,127080,17917,3444,-1,0,True,True,False,True,127080,15/812,1905/2552,algebraic_but_failed:(1-x)^2+y^2;x^2+(1-y)^2
closest_730,336/377,437/84,-3444/133081,-17917/118608,17722413697,14388876553,255005622907329346441,False,False,False,False,133081/115164,1412/1371,115164,133081,118608,-17917,-3444,-2,-1,True,True,False,False,133081,15/812,2967/3016,algebraic_but_failed:(1-x)^2+y^2;x^2+(1-y)^2
closest_730,333/644,437/84,-933/8119,-135907/117549,2671546,1291539202,3450406388946292,False,False,False,False,9884/3975,39183/30475,91425,227332,117549,-135907,-26124,-1,0,True,True,False,False,135907,15/812,1749/1288,algebraic_but_failed:(1-x)^2+y^2;x^2+(1-y)^2
closest_730,-105/208,437/84,-6573/18356,136781/37065,380147065,20082856186,7634438835924994090,False,False,False,False,-73424/63357,1765/3017,63357,-73424,37065,136781,26292,-1,3,True,True,False,False,136781,15/812,495/208,algebraic_but_failed:(1-x)^2+y^2;x^2+(1-y)^2
closest_730,120/391,437/84,-22764/138023,-118427/42360,782741929,15819323929,12382448127661319041,False,False,False,False,6001/852,3530/1633,19596,138023,42360,-118427,-22764,-1,4,True,True,False,False,138023,15/812,4905/3128,algebraic_but_failed:(1-x)^2+y^2;x^2+(1-y)^2
closest_730,396/203,437/84,2316/10237,84341/139788,4406401,1066163569,4697944216605169,False,False,False,False,71659/156000,11649/13000,156000,71659,139788,84341,16212,-1,0,True,True,False,True,139788,15/812,123/1624,algebraic_but_failed:(1-x)^2+y^2;x^2+(1-y)^2
closest_730,396/403,437/84,-588/142259,-3059/139788,809518753,782001697,633045038599323841,False,False,False,False,142259/139200,11649/11600,139200,142259,139788,-3059,-588,-1,0,True,True,False,False,142259,15/812,2877/3224,algebraic_but_failed:(1-x)^2+y^2;x^2+(1-y)^2
closest_730,87/416,437/84,-6909/36712,-143773/30711,55820209,864553642,48259564988151178,False,False,False,False,146848/3075,10237/1025,3075,146848,30711,-143773,-27636,-1,2,True,True,False,False,143773,15/812,693/416,algebraic_but_failed:(1-x)^2+y^2;x^2+(1-y)^2
closest_730,-120/209,437/84,-27636/73777,143773/42360,248271769,22465045129,5577436494841663201,False,False,False,False,-3883/3684,3530/5833,69996,-73777,42360,143773,27636,-1,1,True,True,False,False,143773,15/812,4095/1672,algebraic_but_failed:(1-x)^2+y^2;x^2+(1-y)^2
closest_730,408/145,437/84,22092/51185,114931/144024,3107960689,33952047337,105521628434463135193,False,False,False,False,51185/166116,12002/13843,166116,51185,144024,114931,22092,-1,2,True,True,False,True,144024,15/812,1089/1160,algebraic_but_failed:(1-x)^2+y^2;x^2+(1-y)^2
closest_730,27/364,437/84,-1011/4589,-147269/9531,22081042,21778998322,480902976666011524,False,False,False,False,-128492/18777,-3177/6259,18777,-128492,-9531,147269,28308,-1,0,True,True,False,False,147269,15/812,1311/728,algebraic_but_failed:(1-x)^2+y^2;x^2+(1-y)^2
closest_730,-312/25,437/84,-28308/8825,147269/110136,879223489,33818096857,29733665109951474073,False,False,False,False,-8825/138444,9178/11537,138444,-8825,110136,147269,28308,-1,1,True,True,False,False,147269,15/812,2871/200,algebraic_but_failed:(1-x)^2+y^2;x^2+(1-y)^2
closest_730,420/341,437/84,6636/120373,34523/148260,23253913,23172865129,538859789670499777,False,False,False,False,120373/154896,1765/1844,154896,120373,148260,34523,6636,-1,1,True,True,False,True,148260,15/812,1755/2728,algebraic_but_failed:(1-x)^2+y^2;x^2+(1-y)^2
closest_730,-96/247,437/84,-28812/87191,149891/33888,337296073,944628337,318619428514620601,False,False,False,False,-4589/3300,2824/5225,62700,-87191,33888,149891,28812,-1,2,True,True,False,False,149891,15/812,4473/1976,algebraic_but_failed:(1-x)^2+y^2;x^2+(1-y)^2
closest_730,168/425,437/84,-21588/150025,-112309/59304,22973542369,16130275897,370569576743388979993,False,False,False,False,150025/37716,706/449,37716,150025,59304,-112309,-21588,-1,2,True,True,False,False,150025,15/812,5031/3400,algebraic_but_failed:(1-x)^2+y^2;x^2+(1-y)^2
closest_730,429/460,437/84,-651/40595,-13547/151437,1648377826,23116686178,38105032906415889028,False,False,False,False,7060/6471,50479/49611,148833,162380,151437,-13547,-2604,-2,-1,True,True,False,False,151437,15/812,867/920,algebraic_but_failed:(1-x)^2+y^2;x^2+(1-y)^2
closest_730,429/700,437/84,-813/8825,-118427/151437,78541594,36958119298,2902749600907081012,False,False,False,False,247100/128673,50479/42891,128673,247100,151437,-118427,-22764,-2,-1,True,True,False,False,151437,15/812,1767/1400,algebraic_but_failed:(1-x)^2+y^2;x^2+(1-y)^2
closest_730,432/665,437/84,-2796/33535,-101821/152496,1132413841,33622546057,38074636524606774937,False,False,False,False,12355/6996,12708/11077,132924,234745,152496,-101821,-19572,-1,0,True,True,False,False,152496,15/812,6519/5320,algebraic_but_failed:(1-x)^2+y^2;x^2+(1-y)^2
closest_730,435/308,437/84,381/3883,55499/153555,608914,26659277026,16233207011009764,False,False,False,False,108724/164223,51185/54741,164223,108724,153555,55499,10668,-2,-1,True,True,False,True,153555,15/812,285/616,algebraic_but_failed:(1-x)^2+y^2;x^2+(1-y)^2
closest_730,-36/323,437/84,-30156/114019,156883/12708,13909716697,24773768953,344596107653164308241,False,False,False,False,-6001/2256,1059/3572,42864,-114019,12708,156883,30156,-1,0,True,True,False,False,156883,15/812,5133/2584,algebraic_but_failed:(1-x)^2+y^2;x^2+(1-y)^2
closest_730,165/532,437/84,-1101/6707,-160379/58245,1847842,29113903666,53797893977988772,False,False,False,False,9884/1443,19415/9139,27417,187796,58245,-160379,-30828,-1,2,True,True,False,False,160379,15/812,1665/1064,algebraic_but_failed:(1-x)^2+y^2;x^2+(1-y)^2
closest_730,-252/115,437/84,-30828/40595,160379/88956,2598319609,33634593577,87393424031864551393,False,False,False,False,-1765/5208,1059/1426,119784,-40595,88956,160379,30828,-1,0,True,True,False,False,160379,15/812,3741/920,algebraic_but_failed:(1-x)^2+y^2;x^2+(1-y)^2
closest_730,459/220,437/84,5019/19415,104443/162027,402132586,37161088978,14943684809299237108,False,False,False,False,77660/182103,54009/60701,182103,77660,162027,104443,20076,-1,0,True,True,False,True,162027,15/812,93/440,algebraic_but_failed:(1-x)^2+y^2;x^2+(1-y)^2
closest_730,465/368,437/84,2037/32476,42389/164145,1058839945,28740408346,30431492392356180970,False,False,False,False,5648/7491,54715/57431,172293,129904,164145,42389,8148,-1,1,True,True,False,True,164145,15/812,225/368,algebraic_but_failed:(1-x)^2+y^2;x^2+(1-y)^2
closest_730,468/595,437/84,-1524/30005,-55499/165204,902622601,30372500617,27414905505790644817,False,False,False,False,210035/154536,13767/12878,154536,210035,165204,-55499,-10668,-1,0,True,True,False,False,165204,15/812,5181/4760,algebraic_but_failed:(1-x)^2+y^2;x^2+(1-y)^2
closest_730,468/155,437/84,26292/54715,136781/165204,3685000489,46001403577,169515194675931349153,False,False,False,False,54715/191496,13767/15958,191496,54715,165204,136781,26292,-1,0,True,True,False,True,165204,15/812,1419/1240,algebraic_but_failed:(1-x)^2+y^2;x^2+(1-y)^2
closest_730,93/476,437/84,-1149/6001,-167371/32829,37332202,29090794882,1086023430875390164,False,False,False,False,168028/657,10943/219,657,168028,32829,-167371,-32172,-2,-1,True,True,False,False,167371,15/812,1599/952,algebraic_but_failed:(1-x)^2+y^2;x^2+(1-y)^2
closest_730,-75/308,437/84,-1149/3883,167371/26475,16397890,28713977266,470848640670368740,False,False,False,False,-108724/58647,8825/19549,58647,-108724,26475,167371,32172,-1,2,True,True,False,False,167371,15/812,1305/616,algebraic_but_failed:(1-x)^2+y^2;x^2+(1-y)^2
closest_730,132/475,437/84,-28812/167675,-149891/46596,28945036969,24638499097,713162267223338116993,False,False,False,False,8825/936,3883/1482,17784,167675,46596,-149891,-28812,-2,-1,True,True,False,False,167675,15/812,6069/3800,algebraic_but_failed:(1-x)^2+y^2;x^2+(1-y)^2
closest_730,-27/364,437/84,-1173/4589,170867/9531,897394,1171454866,1051256568019204,False,False,False,False,-128492/42375,3177/14125,42375,-128492,9531,170867,32844,-1,0,True,True,False,False,170867,15/812,1419/728,algebraic_but_failed:(1-x)^2+y^2;x^2+(1-y)^2
closest_730,-231/160,437/84,-8211/14120,170867/81543,266794921,35844792538,9563208593437099498,False,False,False,False,-56480/114387,3883/5447,114387,-56480,81543,170867,32844,-1,1,True,True,False,False,170867,15/812,531/160,algebraic_but_failed:(1-x)^2+y^2;x^2+(1-y)^2
closest_730,420/29,437/84,32844/10237,170867/148260,1183524505,51176559289,60568712000116876945,False,False,False,False,10237/181104,1765/2156,181104,10237,148260,170867,32844,-1,1,True,True,False,True,170867,15/812,2925/232,algebraic_but_failed:(1-x)^2+y^2;x^2+(1-y)^2
closest_730,276/493,437/84,-18228/174029,-4123/4236,1224734113,1397713,1711826791283569,False,False,False,False,174029/79200,8119/6600,79200,174029,97428,-94829,-18228,-2,-1,True,True,False,False,174029,15/812,5187/3944,algebraic_but_failed:(1-x)^2+y^2;x^2+(1-y)^2
closest_730,-276/493,437/84,-64596/174029,14611/4236,34458736057,231425017,7974613577789737969,False,False,False,False,-174029/162024,8119/13502,162024,-174029,97428,336053,64596,-1,2,True,True,False,False,174029,15/812,9603/3944,algebraic_but_failed:(1-x)^2+y^2;x^2+(1-y)^2
closest_730,-240/161,437/84,-4812/8119,175237/84720,89073505,37885484569,3374592899184244345,False,False,False,False,-2471/5148,7060/9867,118404,-56833,84720,175237,33684,-2,-1,True,True,False,False,175237,15/812,4335/1288,algebraic_but_failed:(1-x)^2+y^2;x^2+(1-y)^2
closest_730,-273/136,437/84,-8589/12002,178733/96369,8712757,1649298778,14369939473110946,False,False,False,False,-48008/130725,4589/6225,130725,-48008,96369,178733,34356,-2,-1,True,True,False,False,178733,15/812,66/17,algebraic_but_failed:(1-x)^2+y^2;x^2+(1-y)^2
closest_730,336/527,437/84,-16044/186031,-83467/118608,34864942897,21034597753,733370049519709510441,False,False,False,False,186031/102564,1412/1221,102564,186031,118608,-83467,-16044,-2,-1,True,True,False,False,186031,15/812,5217/4216,algebraic_but_failed:(1-x)^2+y^2;x^2+(1-y)^2
closest_730,528/455,437/84,876/22945,31901/186384,527240401,35756669257,18852360637485052057,False,False,False,False,160615/192516,15532/16043,192516,160615,186384,31901,6132,-1,2,True,True,False,True,186384,15/812,2601/3640,algebraic_but_failed:(1-x)^2+y^2;x^2+(1-y)^2
closest_730,369/800,437/84,-9051/70600,-188347/130257,5066280601,52441478458,265683244999524793258,False,False,False,False,282400/94053,43419/31351,94053,282400,130257,-188347,-36204,-1,0,True,True,False,False,188347,15/812,1131/800,algebraic_but_failed:(1-x)^2+y^2;x^2+(1-y)^2
closest_730,525/92,437/84,9093/8119,189221/185325,148600810,70149942466,10424338271900997460,False,False,False,False,1412/9639,8825/10557,221697,32476,185325,189221,36372,-4,-3,True,True,False,True,189221,15/812,705/184,algebraic_but_failed:(1-x)^2+y^2;x^2+(1-y)^2
closest_730,-357/76,437/84,-9093/6707,189221/126021,127666498,51685879282,6598555203983694436,False,False,False,False,-1412/8547,6001/7733,162393,-26828,126021,189221,36372,-1,1,True,True,False,False,189221,15/812,999/152,algebraic_but_failed:(1-x)^2+y^2;x^2+(1-y)^2
closest_730,240/551,437/84,-26124/194503,-135907/84720,38513880385,25648191049,987811362152813673865,False,False,False,False,10237/3084,7060/4883,58596,194503,84720,-135907,-26124,-1,1,True,True,False,False,194503,15/812,6345/4408,algebraic_but_failed:(1-x)^2+y^2;x^2+(1-y)^2
closest_730,555/572,437/84,-357/50479,-7429/195915,2548256890,38437877266,97949585580058862740,False,False,False,False,201916/194487,65305/64829,194487,201916,195915,-7429,-1428,-1,2,True,True,False,False,195915,15/812,1035/1144,algebraic_but_failed:(1-x)^2+y^2;x^2+(1-y)^2
closest_730,480/31,437/84,37716/10943,196213/169440,1542245905,67209454969,103653506703222151945,False,False,False,False,10943/207156,14120/17263,207156,10943,169440,196213,37716,-1,1,True,True,False,True,196213,15/812,3375/248,algebraic_but_failed:(1-x)^2+y^2;x^2+(1-y)^2
closest_730,-420/29,437/84,-37716/10237,196213/148260,61091713,60480568969,3694861561530853897,False,False,False,False,-10237/185976,1765/2214,185976,-10237,148260,196213,37716,-4,-3,True,True,False,False,196213,15/812,3795/232,algebraic_but_failed:(1-x)^2+y^2;x^2+(1-y)^2
closest_730,561/400,437/84,3381/35300,70357/198033,1257521161,44167176538,55541159118157720618,False,False,False,False,141200/211557,66011/70519,211557,141200,198033,70357,13524,-1,1,True,True,False,True,198033,15/812,189/400,algebraic_but_failed:(1-x)^2+y^2;x^2+(1-y)^2
closest_730,495/952,437/84,-1371/12002,-199709/174735,145927645,70416004906,10275641766241026370,False,False,False,False,336056/136347,58245/45449,136347,336056,174735,-199709,-38388,-1,0,True,True,False,False,199709,15/812,645/476,algebraic_but_failed:(1-x)^2+y^2;x^2+(1-y)^2
closest_730,348/805,437/84,-5484/40595,-199709/122844,1678028281,54974333017,92248485531638053777,False,False,False,False,12355/3672,10237/7038,84456,284165,122844,-199709,-38388,-3,-2,True,True,False,False,199709,15/812,9291/6440,algebraic_but_failed:(1-x)^2+y^2;x^2+(1-y)^2
closest_730,-204/253,437/84,-38388/89309,199709/72012,377989441,1802776513,681430486396799233,False,False,False,False,-3883/4800,6001/9200,110400,-89309,72012,199709,38388,-1,1,True,True,False,False,199709,15/812,5427/2024,algebraic_but_failed:(1-x)^2+y^2;x^2+(1-y)^2
closest_730,273/736,437/84,-9723/64952,-202331/96369,4313299033,50224817722,216634657712903862826,False,False,False,False,11296/2499,4589/2737,57477,259808,96369,-202331,-38892,-1,1,True,True,False,False,202331,15/812,1107/736,algebraic_but_failed:(1-x)^2+y^2;x^2+(1-y)^2
closest_730,-288/175,437/84,-5556/8825,202331/101664,108749761,51273402457,5575970262855562777,False,False,False,False,-61775/140556,8472/11713,140556,-61775,101664,202331,38892,-1,0,True,True,False,False,202331,15/812,4929/1400,algebraic_but_failed:(1-x)^2+y^2;x^2+(1-y)^2
closest_730,585/928,437/84,-7203/81896,-149891/206505,270353521,65111626906,17603157592075436026,False,False,False,False,327584/177693,68835/59231,177693,327584,206505,-149891,-28812,-1,0,True,True,False,False,206505,15/812,1155/928,algebraic_but_failed:(1-x)^2+y^2;x^2+(1-y)^2
closest_730,300/589,437/84,-24276/207917,-126293/105900,43818803065,27164731849,1190326035204864317185,False,False,False,False,10943/4296,8825/6802,81624,207917,105900,-126293,-24276,-1,1,True,True,False,False,207917,15/812,6435/4712,algebraic_but_failed:(1-x)^2+y^2;x^2+(1-y)^2
closest_730,-180/299,437/84,-40236/105547,209323/63540,12759104905,47853449929,610567187710275801745,False,False,False,False,-4589/4512,5295/8648,103776,-105547,63540,209323,40236,-1,0,True,True,False,False,209323,15/812,5925/2392,algebraic_but_failed:(1-x)^2+y^2;x^2+(1-y)^2
closest_730,600/481,437/84,9996/169793,52003/211800,28929582865,47563552009,1375993719198102725785,False,False,False,False,169793/221796,17650/18483,221796,169793,211800,52003,9996,-2,-1,True,True,False,True,211800,15/812,2415/3848,algebraic_but_failed:(1-x)^2+y^2;x^2+(1-y)^2
closest_730,-135/352,437/84,-10227/31064,212819/47655,42782545,47562925786,2034863012771205370,False,False,False,False,-124256/88563,15885/29521,88563,-124256,47655,212819,40908,-1,0,True,True,False,False,212819,15/812,795/352,algebraic_but_failed:(1-x)^2+y^2;x^2+(1-y)^2
closest_730,609/200,437/84,8589/17650,178733/214977,385293421,78160595818,30114763350115513378,False,False,False,False,70600/249333,10237/11873,249333,70600,214977,178733,34356,-1,1,True,True,False,True,214977,15/812,117/100,algebraic_but_failed:(1-x)^2+y^2;x^2+(1-y)^2
closest_730,615/728,437/84,-339/9178,-49381/217095,84350605,49568722186,4181151705466022530,False,False,False,False,256984/207603,72365/69201,207603,256984,217095,-49381,-9492,-4,-3,True,True,False,False,217095,15/812,375/364,algebraic_but_failed:(1-x)^2+y^2;x^2+(1-y)^2
closest_730,387/884,437/84,-10437/78013,-217189/136611,6194959138,65833627042,407836629431521809796,False,False,False,False,312052/94863,45537/31621,94863,312052,136611,-217189,-41748,-1,0,True,True,False,False,217189,15/812,2541/1768,algebraic_but_failed:(1-x)^2+y^2;x^2+(1-y)^2
closest_730,-225/272,437/84,-10437/24004,217189/79425,685122985,53479392346,36639960920077672810,False,False,False,False,-96016/121173,26475/40391,121173,-96016,79425,217189,41748,-1,0,True,True,False,False,217189,15/812,735/272,algebraic_but_failed:(1-x)^2+y^2;x^2+(1-y)^2
